0,85.24999809265137,86.99999046325684
1,85.24999809265137,86.99999046325684
2,85.33452415466309,86.48120260238647
3,86.1946964263916,86.01086473464966
4,85.79057121276855,86.65921974182129
5,85.88611793518066,87.43102073669434
6,86.02535247802734,87.2103443145752
7,85.67647361755371,87.23845863342285
8,85.58756446838379,87.1338586807251
9,85.50949287414551,87.60267543792725
10,85.69470977783203,87.09522247314453
11,85.57718467712402,86.14171695709229
12,85.7289047241211,86.5364294052124
13,85.20823860168457,87.1754059791565
14,85.13284492492676,86.7117977142334
15,85.01675605773926,86.6728048324585
16,85.72323417663574,86.33059692382812
17,85.56070518493652,86.77838039398193
18,85.56944274902344,86.49263191223145
19,85.9412841796875,87.4802942276001
20,85.89161109924316,87.27951288223267
21,85.64201545715332,86.77357578277588
22,85.19151878356934,86.55067539215088
23,85.18385124206543,86.552894115448
24,85.5586166381836,87.06435966491699
25,86.10621070861816,87.57013940811157
26,85.64389228820801,86.91441488265991
27,85.64358329772949,86.91397953033447
28,86.1719741821289,87.56529808044434
29,85.85935020446777,87.26147985458374
30,86.36228942871094,87.3898458480835
31,86.16923332214355,87.0998592376709
32,85.8541431427002,86.54013252258301
33,85.5860595703125,87.07293033599854
34,85.86597633361816,87.11343908309937
35,86.0745620727539,86.30605983734131
36,86.08601188659668,86.29157257080078
37,85.22995948791504,87.39530086517334
38,85.59161567687988,86.7540373802185
39,85.76962280273438,87.07354927062988
40,85.99958610534668,87.00000095367432
41,85.49186897277832,86.37446784973145
42,86.30147552490234,87.46843481063843
43,85.58232879638672,87.02716588973999
44,85.56532859802246,87.02736520767212
45,85.38587379455566,86.75770378112793
46,85.5776596069336,86.51428937911987
47,85.58505249023438,86.4850001335144
48,84.86531066894531,86.71905708312988
49,84.85796356201172,86.72542476654053
50,86.28362846374512,86.18598127365112
51,86.27493095397949,86.18588161468506
52,85.90299224853516,86.57799768447876
53,85.90165901184082,86.58183193206787
54,85.43391609191895,86.54796361923218
55,85.95970916748047,86.93610382080078
56,85.30513000488281,86.54485845565796
57,85.13496208190918,86.62372016906738
58,85.67413330078125,86.63307237625122
59,86.48419761657715,87.20905923843384
60,85.71782112121582,86.90114450454712
61,85.95541191101074,86.44293880462646
62,85.33167457580566,85.956298828125
63,85.27679443359375,86.70533561706543
64,84.75,87.24999284744263
65,84.58352851867676,86.99128866195679
66,85.22772789001465,87.2571473121643
67,84.65889930725098,87.16722345352173
68,84.49714851379395,87.18934774398804
69,84.92308616638184,87.87789678573608
70,85.19375038146973,86.70709276199341
71,85.19375038146973,86.70709276199341
72,85.27022552490234,87.08004808425903
73,85.33971977233887,87.12001657485962
74,84.7284164428711,86.57421064376831
75,84.7284164428711,86.57421064376831
76,85.01589775085449,87.128671169281
77,84.9345703125,87.18913793563843
78,84.9345531463623,87.18913793563843
79,84.9345474243164,87.18913793563843
80,84.9345474243164,87.18913793563843
81,85.00368690490723,86.54559278488159
82,84.06366920471191,87.37301397323608
83,84.06367492675781,87.37301397323608
84,84.06353187561035,87.37306118011475
85,85.22110176086426,87.39308738708496
86,84.88597869873047,87.70158958435059
87,85.50416564941406,87.11401605606079
88,85.23881721496582,86.9815902709961
89,85.47269439697266,87.61628150939941
90,84.57254791259766,86.90560817718506
91,84.6401195526123,87.20855045318604
92,85.94673156738281,87.34496259689331
93,85.25471305847168,86.91508626937866
94,85.25473594665527,86.9151439666748
95,85.71966361999512,86.8885350227356
96,85.14571952819824,87.25077962875366
97,85.3564453125,87.75659084320068
98,85.26129341125488,87.68581199645996
99,85.26129341125488,87.68582248687744
100,84.8020076751709,88.47300243377686
101,85.58504676818848,87.0473861694336
102,85.36653900146484,86.84291744232178
103,85.78552436828613,87.63392114639282
104,85.78552436828613,87.63392114639282
105,85.4758358001709,87.71359062194824
106,85.23285484313965,87.19652318954468
107,85.1396541595459,87.2713303565979
108,85.07723236083984,87.03664922714233
109,84.69278526306152,86.96465349197388
110,84.97176361083984,87.55007123947144
111,84.76634788513184,87.14502048492432
112,85.22376823425293,87.17168188095093
113,85.22016906738281,87.09871053695679
114,85.10492134094238,86.99126243591309
115,85.10490989685059,86.99117851257324
116,85.75346946716309,87.695321559906
117,85.33199501037598,87.14861869812012
118,85.02422904968262,87.28361463546753
119,85.02413177490234,87.28361463546753
120,84.73271942138672,86.89673852920532
121,84.81647300720215,87.52784204483032
122,85.2715072631836,87.28408670425415
123,85.27154731750488,87.28407096862793
124,85.05924797058105,86.92080879211426
125,84.80484580993652,86.91567373275757
126,84.80485725402832,86.91564750671387
127,84.99625396728516,87.37406826019287
128,84.99625968933105,87.37406826019287
129,85.39578437805176,87.29631853103638
130,85.55561828613281,87.54388189315796
131,84.87841987609863,86.96376180648804
132,85.04085731506348,87.3202576637268
133,85.04085731506348,87.32028913497925
134,84.72576713562012,86.59732103347778
135,85.28141784667969,87.21824884414673
136,84.98147392272949,87.40637874603271
137,85.58430290222168,86.48598623275757
138,85.58434295654297,86.48594427108765
139,85.13422393798828,87.49972772598267
140,85.673583984375,87.0265941619873
141,85.31231117248535,86.83994340896606
142,85.31229972839355,86.83994340896606
143,85.25669288635254,86.97596740722656
144,85.0840015411377,86.80725002288818
145,85.32994079589844,87.50470018386841
146,85.31879425048828,87.15011358261108
147,85.01754570007324,87.3823766708374
148,85.28140068054199,87.57212209701538
149,85.28141784667969,87.57214307785034
150,85.0114917755127,86.98907518386841
151,83.94108581542969,87.14805746078491
152,83.94109153747559,87.14805746078491
153,84.07755088806152,86.37518119812012
154,85.1297779083252,87.48725986480713
155,85.1601390838623,86.8770899772644
156,84.43313598632812,87.34491014480591
157,84.43313598632812,87.34491014480591
158,85.12057685852051,87.76619482040405
159,85.59678840637207,86.63554286956787
160,85.59678840637207,86.63554286956787
161,85.33447265625,87.4833836555481
162,85.21879577636719,87.22125959396362
163,85.36425018310547,87.32221412658691
164,85.1147689819336,87.11096858978271
165,84.78718757629395,87.26471614837646
166,85.4703540802002,87.55939722061157
167,85.54263496398926,87.1441707611084
168,85.28130912780762,87.40033102035522
169,85.70159339904785,86.90816259384155
170,85.58977317810059,87.03491830825806
171,85.36432456970215,87.27639198303223
172,85.26409149169922,86.54153299331665
173,84.98416328430176,87.56075048446655
174,84.98409461975098,87.56075048446655
175,84.62527656555176,86.53975486755371
176,85.10666084289551,86.98846673965454
177,85.7244873046875,86.73367547988892
178,85.7244873046875,86.73367547988892
179,86.20072174072266,87.12793684005737
180,85.34795379638672,87.15216970443726
181,85.14381980895996,86.64029502868652
182,85.90200805664062,87.75613451004028
183,85.6230297088623,87.54382419586182
184,85.62300682067871,87.54383993148804
185,86.41143608093262,87.55735683441162
186,86.41143608093262,87.55735683441162
187,85.22713279724121,87.79881477355957
188,85.03320121765137,86.72572898864746
189,85.76906776428223,86.80844068527222
190,85.76906776428223,86.80844068527222
191,85.0916748046875,87.46359348297119
192,85.51112365722656,86.7217845916748
193,85.51112365722656,86.7217845916748
194,85.50260925292969,86.41146230697632
195,85.41114234924316,87.06637382507324
196,85.41112518310547,87.0663161277771
197,83.95468711853027,87.73886728286743
198,84.60933494567871,87.13131475448608
199,85.12264251708984,87.17646551132202
200,85.12264251708984,87.17646551132202
201,86.32483863830566,86.78843021392822
202,85.68454170227051,87.16390323638916
203,85.68448448181152,87.16388750076294
204,85.50894927978516,87.23230600357056
205,85.96669578552246,87.25789737701416
206,85.14480400085449,87.56005811691284
207,85.1447696685791,87.56013679504395
208,85.14470672607422,87.5601577758789
209,85.44779205322266,86.96970462799072
210,85.44779205322266,86.96970462799072
211,85.62357902526855,87.62750101089478
212,85.82742118835449,87.85372686386108
213,85.82742118835449,87.85372686386108
214,85.13140296936035,87.52240800857544
215,85.13140296936035,87.52240800857544
216,85.27445411682129,87.64785242080688
217,84.66987419128418,87.26150608062744
218,84.66987419128418,87.26150608062744
219,84.78082466125488,86.68634271621704
220,84.78082466125488,86.68634271621704
221,85.20524597167969,87.05287790298462
222,84.80351257324219,87.64147424697876
223,84.80352973937988,87.64141654968262
224,84.80352973937988,87.64143228530884
225,85.20952033996582,86.57256364822388
226,85.53497886657715,87.23449850082397
227,84.96097755432129,86.8661904335022
228,84.97515678405762,87.18929529190063
229,84.97509956359863,87.18930053710938
230,84.81748008728027,86.55594682693481
231,85.44206428527832,86.98997735977173
232,85.44211006164551,86.99002981185913
233,84.66182899475098,87.0675802230835
234,84.66182899475098,87.0675802230835
235,85.17949104309082,86.65163516998291
236,84.21178436279297,86.30570840835571
237,85.32118034362793,87.3195128440857
238,85.32118034362793,87.3195128440857
239,85.63677978515625,87.06334733963013
240,85.18313598632812,87.17141962051392
241,85.18313598632812,87.17141962051392
242,85.18313598632812,87.17141962051392
243,85.62241172790527,87.73060083389282
244,85.24404716491699,86.69785070419312
245,85.24404716491699,86.69785070419312
246,85.34848594665527,86.89768266677856
247,85.34850311279297,86.89772987365723
248,85.06392860412598,86.72464847564697
249,85.47269439697266,87.09184455871582
250,85.70276069641113,86.88489484786987
251,84.95393943786621,87.40784215927124
252,84.95395088195801,87.40784215927124
253,85.33993721008301,86.97739934921265
254,85.13990020751953,87.17758798599243
255,85.13989448547363,87.17758798599243
256,84.33571815490723,87.55360651016235
257,84.33572959899902,87.55367469787598
258,84.78632926940918,87.01742553710938
259,85.35142707824707,87.72689247131348
260,85.35142707824707,87.72689247131348
261,85.4197826385498,87.01339721679688
262,85.07735252380371,87.21781349182129
263,85.66579627990723,87.45302438735962
264,85.66579627990723,87.45302438735962
265,85.66580200195312,87.45304012298584
266,84.71115303039551,87.1476378440857
267,84.71115303039551,87.1476378440857
268,85.0206069946289,87.29752492904663
269,85.02073860168457,87.29753017425537
270,85.16806983947754,87.38428592681885
271,85.16806983947754,87.38430166244507
272,85.96301078796387,87.13381147384644
273,85.9629135131836,87.133780002594
274,85.60566902160645,87.11408424377441
275,85.39137840270996,87.24560785293579
276,85.39134979248047,87.24561309814453
277,85.66322135925293,87.32183122634888
278,85.66322135925293,87.32183647155762
279,85.66323280334473,87.32183647155762
280,85.28375244140625,86.7839560508728
281,84.83046913146973,87.49268865585327
282,85.71912574768066,86.86343145370483
283,85.71910858154297,86.86348915100098
284,84.68865394592285,86.94491052627563
285,85.43012237548828,87.44700813293457
286,84.52645111083984,86.54743909835815
287,84.74024963378906,86.82817316055298
288,85.48486518859863,86.5434947013855
289,85.48489379882812,86.54343175888062
290,85.48493385314941,86.54342126846313
291,84.78556823730469,86.55143070220947
292,84.78556823730469,86.55143070220947
293,84.78556823730469,86.55143070220947
294,84.74261283874512,87.46849250793457
295,85.4970474243164,87.01576280593872
296,85.4970474243164,87.01567888259888
297,85.4970703125,87.01564741134644
298,85.1535816192627,87.44322109222412
299,85.98875999450684,86.70660495758057
300,84.9408187866211,87.22637891769409
301,84.94082450866699,87.22637891769409
302,84.80213928222656,87.38731241226196
303,84.91476631164551,87.13224840164185
304,85.10536193847656,87.66059303283691
305,85.10536193847656,87.66056156158447
306,85.19431114196777,87.14648389816284
307,85.02481269836426,86.96975183486938
308,85.02474975585938,86.96966791152954
309,85.02473258972168,86.96962070465088
310,84.68623924255371,87.22568655014038
311,84.97655296325684,86.41485071182251
312,84.99823951721191,87.09651803970337
313,84.63360786437988,87.1438455581665
314,84.86948204040527,86.7759780883789
315,84.85796928405762,86.79731035232544
316,84.86602592468262,86.8401427268982
317,85.58264923095703,87.58130121231079
318,84.9920711517334,86.39846992492676
319,85.47699165344238,87.15584659576416
320,85.24495697021484,86.68785333633423
321,84.93251037597656,87.6258487701416
322,85.2136287689209,87.24888610839844
323,84.9008960723877,86.97392177581787
324,84.9008846282959,86.97386407852173
325,85.35064888000488,87.20043087005615
326,85.18118476867676,86.88146448135376
327,86.18177032470703,87.19024467468262
328,84.45158958435059,87.10994577407837
329,85.79951477050781,86.66144371032715
330,85.79951477050781,86.66144371032715
331,85.4344539642334,87.26844549179077
332,85.37823486328125,87.42954158782959
333,84.67165946960449,87.76885938644409
334,84.99526977539062,87.0376353263855
335,84.91420555114746,86.51746273040771
336,84.75593376159668,87.11486577987671
337,85.09332847595215,86.52937459945679
338,85.09332847595215,86.52932214736938
339,84.76629638671875,87.22756958007812
340,84.9166030883789,86.73464059829712
341,84.68643379211426,86.93211221694946
342,85.05988883972168,87.33262062072754
343,84.98265838623047,87.07037591934204
344,84.96672248840332,87.3774881362915
345,84.78243827819824,86.70985174179077
346,84.87288665771484,87.23694801330566
347,84.95109558105469,87.15248966217041
348,84.87993049621582,86.75343418121338
349,85.02048683166504,86.92439126968384
350,85.15518379211426,87.11344957351685
351,85.11677742004395,87.64881229400635
352,85.02840614318848,87.20957326889038
353,85.08317756652832,87.87022304534912
354,85.01469612121582,87.06346273422241
355,85.55146980285645,86.2893853187561
356,84.74371147155762,87.54843997955322
357,85.05537986755371,86.90850877761841
358,85.22491264343262,87.18255519866943
359,85.75106620788574,86.74808406829834
360,84.99083518981934,87.21978569030762
361,85.23393058776855,86.45376491546631
362,85.36535453796387,87.12745428085327
363,85.36538887023926,87.12739658355713
364,84.82315635681152,87.50181531906128
365,84.77720832824707,86.96145391464233
366,85.37424659729004,87.31582546234131
367,85.2315502166748,87.60035705566406
368,85.2315502166748,87.60039377212524
369,84.70214653015137,87.03875780105591
370,85.27653694152832,86.35337686538696
371,85.30476951599121,87.39818572998047
372,84.9228343963623,86.9395079612732
373,84.38864707946777,87.65332841873169
374,85.12985801696777,86.80436515808105
375,84.82257270812988,87.34240818023682
376,85.32333183288574,86.7808403968811
377,84.50811767578125,87.297194480896
378,85.12747192382812,86.88217258453369
379,85.07504081726074,87.0819993019104
380,85.1480941772461,86.81222772598267
381,85.13774871826172,87.99762916564941
382,85.24686241149902,87.49347019195557
383,85.18711853027344,87.14100790023804
384,85.36395263671875,87.39189672470093
385,84.33810997009277,86.97999572753906
386,85.34213447570801,87.22987222671509
387,85.53280448913574,86.85793972015381
388,85.23898315429688,86.69465112686157
389,84.42285919189453,87.17328691482544
390,84.82901573181152,86.59174537658691
391,85.00465393066406,86.73764085769653
392,85.16855049133301,86.75353384017944
393,85.16855049133301,86.75353384017944
394,84.93040466308594,86.32124996185303
395,85.2234878540039,87.09312963485718
396,84.71615409851074,86.98411321640015
397,84.49207878112793,87.08647346496582
398,85.13310813903809,86.91777181625366
399,84.67963600158691,87.24451684951782
400,85.20861053466797,87.04642629623413
401,85.12776947021484,86.92362022399902
402,85.16363525390625,87.26922702789307
403,84.9884204864502,86.39343452453613
404,85.02972221374512,87.04639482498169
405,84.64871406555176,86.76011657714844
406,85.34978485107422,87.1320595741272
407,85.34978485107422,87.1320595741272
408,85.21116828918457,87.20213556289673
409,85.3418025970459,87.18567609786987
410,85.50706672668457,87.27738332748413
411,84.69376373291016,86.86779022216797
412,84.94595146179199,87.04540348052979
413,85.32208442687988,86.4934868812561
414,85.23875427246094,86.69690132141113
415,85.20131492614746,87.87304496765137
416,85.08187294006348,87.72516679763794
417,85.37154579162598,87.0439453125
418,85.06353950500488,87.10292768478394
419,85.27170753479004,86.93368577957153
420,84.78274726867676,87.3948917388916
421,85.21586036682129,87.3963394165039
422,84.77387809753418,87.51599836349487
423,86.02688598632812,87.48010015487671
424,85.5578556060791,87.40643119812012
425,85.10767364501953,87.02091884613037
426,85.39962959289551,86.5633635520935
427,85.292724609375,87.31590938568115
428,86.12567710876465,87.46561288833618
429,85.21080780029297,86.6573314666748
430,85.00444221496582,86.35394859313965
431,85.11076354980469,87.1723690032959
432,84.89674186706543,87.0081467628479
433,85.40317726135254,86.69838047027588
434,85.4146957397461,86.85803413391113
435,85.23616218566895,87.06732845306396
436,85.18443489074707,87.22958898544312
437,84.63835716247559,86.68270254135132
438,84.49184989929199,86.7014331817627
439,85.16596984863281,86.76706123352051
440,85.16596984863281,86.76706123352051
441,84.62850952148438,86.90427589416504
442,85.16375541687012,87.28730201721191
443,85.55510902404785,86.52272891998291
444,85.26374816894531,87.46270179748535
445,85.46720695495605,86.50287055969238
446,85.0491771697998,87.18457984924316
447,84.88529205322266,87.1653299331665
448,85.31180763244629,87.04854011535645
449,84.77462196350098,87.32649421691895
450,85.51091766357422,86.95928764343262
451,85.51094055175781,86.95922994613647
452,85.03681755065918,86.80729722976685
453,84.66202354431152,87.11405277252197
454,85.11503791809082,87.24423885345459
455,84.94089317321777,87.21743583679199
456,85.74382209777832,86.90715026855469
457,85.45873260498047,86.78397178649902
458,84.74027252197266,87.41322374343872
459,85.38590812683105,86.97932434082031
460,85.6823902130127,86.47556924819946
461,84.60921478271484,86.88994598388672
462,85.92454719543457,86.97722101211548
463,84.94058418273926,87.39733076095581
464,85.61249542236328,86.69505500793457
465,85.50541877746582,86.46376752853394
466,85.0689868927002,87.05768775939941
467,84.91684913635254,87.27391624450684
468,84.5617904663086,87.08429145812988
469,84.85242462158203,87.57880449295044
470,85.57383155822754,87.3224868774414
471,86.2803726196289,86.77317714691162
472,85.42247772216797,87.43962287902832
473,85.31344413757324,87.07550573348999
474,85.41937065124512,86.89083242416382
475,85.25166893005371,87.44184684753418
476,85.62327575683594,87.419517993927
477,85.13056182861328,87.22503089904785
478,85.10511589050293,87.1208872795105
479,85.38708686828613,86.73899936676025
480,85.05157470703125,87.10745429992676
481,84.68103790283203,87.2024450302124
482,84.75210571289062,87.74221897125244
483,84.85416412353516,86.93467712402344
484,85.2198429107666,86.81754112243652
485,85.62089538574219,87.19433069229126
486,85.31025123596191,86.90007972717285
487,84.8477611541748,86.68520450592041
488,86.08177185058594,87.02697706222534
489,84.42547416687012,86.90269708633423
490,85.1344985961914,86.2723331451416
491,84.936767578125,87.74868106842041
492,85.11567878723145,86.9589991569519
493,85.11118125915527,86.4076018333435
494,84.47786521911621,87.20375108718872
495,84.47786521911621,87.20375108718872
496,84.41409873962402,87.5106430053711
497,86.02262878417969,86.62728691101074
498,85.770263671875,86.81911993026733
499,85.1367244720459,86.85132026672363
500,85.19297790527344,87.20941066741943
501,85.62729835510254,87.07401084899902
502,85.16065406799316,86.9984221458435
503,85.16065406799316,86.9984221458435
504,85.35987854003906,87.09644985198975
505,85.26585388183594,87.93101501464844
506,85.26585388183594,87.93093633651733
507,84.43937873840332,86.39302015304565
508,84.43937873840332,86.39303064346313
509,84.69257354736328,87.37482357025146
510,85.24669075012207,86.7530460357666
511,85.56246185302734,87.06506252288818
512,85.27644538879395,86.71866369247437
513,84.999755859375,87.73728847503662
514,85.5025634765625,87.29352807998657
515,85.62175941467285,87.11871576309204
516,84.89552307128906,87.0173888206482
517,84.89552307128906,87.0173888206482
518,84.99493217468262,87.19746208190918
519,85.47008514404297,86.84197330474854
520,84.91291809082031,86.6749815940857
521,84.53521156311035,86.51014566421509
522,84.22224426269531,86.75375413894653
523,85.44554328918457,86.5649790763855
524,85.35067749023438,87.01811790466309
525,85.28623008728027,86.5314884185791
526,85.74110412597656,87.39200687408447
527,84.69011878967285,87.20101308822632
528,84.69011878967285,87.20101308822632
529,85.29397773742676,87.25034427642822
530,85.12555503845215,87.2795181274414
531,85.12555503845215,87.2795181274414
532,85.26070976257324,87.5587363243103
533,83.44945335388184,87.25866842269897
534,84.95064353942871,87.22171068191528
535,84.66810607910156,86.96191549301147
536,84.88855934143066,87.33805990219116
537,84.83065223693848,86.73868465423584
538,85.19151306152344,87.35362768173218
539,85.10188293457031,87.26865530014038
540,85.10188293457031,87.26865530014038
541,85.69805717468262,87.02564477920532
542,84.97833251953125,86.58668375015259
543,85.16263389587402,87.61138248443604
544,85.27672004699707,86.97412633895874
545,84.93071937561035,86.96902275085449
546,84.2863712310791,87.31755113601685
547,85.50492668151855,87.17377996444702
548,84.47298431396484,87.28354120254517
549,85.30269813537598,86.40414524078369
550,84.7686996459961,86.6772894859314
551,84.73797798156738,86.76873970031738
552,84.95678901672363,86.5185694694519
553,85.33550834655762,86.65667057037354
554,85.91394996643066,87.01895189285278
555,84.7829418182373,86.53451490402222
556,84.7829418182373,86.53451490402222
557,84.87570762634277,87.48323678970337
558,84.87570762634277,87.48328399658203
559,85.49402618408203,86.62556648254395
560,85.49402618408203,86.62556648254395
561,85.42936706542969,87.54429626464844
562,85.42936134338379,87.54429626464844
563,84.86641502380371,85.93530225753784
564,85.29202079772949,87.00619554519653
565,85.29206085205078,87.00612735748291
566,85.64167213439941,86.83695363998413
567,85.23425102233887,87.39186000823975
568,84.6899585723877,86.90958404541016
569,84.92841339111328,87.05718421936035
570,85.01926231384277,86.90401363372803
571,84.7617015838623,86.9849944114685
572,84.7617015838623,86.98503112792969
573,84.87982177734375,86.83581018447876
574,84.87985038757324,86.83579969406128
575,85.82125282287598,87.25484991073608
576,85.08645629882812,87.30919027328491
577,85.05002403259277,87.10528802871704
578,84.99130439758301,86.45256900787354
579,85.79397010803223,86.40570306777954
580,85.79398155212402,86.4056453704834
581,85.40794944763184,87.2461166381836
582,84.98103904724121,87.41078996658325
583,85.14024353027344,87.0072340965271
584,85.55042266845703,87.09515953063965
585,85.55046272277832,87.09515953063965
586,85.11815071105957,86.46340036392212
587,84.79992485046387,87.30653619766235
588,85.62611961364746,87.29711055755615
589,85.37079620361328,87.3210129737854
590,85.18345069885254,87.02924299240112
591,85.1872329711914,86.79836988449097
592,85.1762523651123,87.00920629501343
593,85.41096496582031,87.74480485916138
594,85.41096496582031,87.74480485916138
595,85.24274253845215,87.63577270507812
596,85.83389854431152,87.09155082702637
597,86.15713691711426,86.84483194351196
598,84.85720252990723,87.04106044769287
599,85.49642944335938,87.07373285293579
600,85.67314338684082,86.47450971603394
601,85.56277656555176,86.52876091003418
602,85.30601692199707,87.11165571212769
603,85.3520278930664,87.33238458633423
604,85.22586250305176,86.69132041931152
605,85.48905372619629,86.80406093597412
606,85.73755073547363,86.82037353515625
607,85.22547912597656,87.01074314117432
608,85.06143951416016,87.12565517425537
609,86.10514640808105,86.09824991226196
610,85.64108276367188,87.551513671875
611,85.87326622009277,87.14104461669922
612,85.37754821777344,86.47044467926025
613,85.37752532958984,86.47042894363403
614,84.33329772949219,87.12301683425903
615,84.33329772949219,87.12301683425903
616,85.37829780578613,86.93224859237671
617,85.37829780578613,86.93224859237671
618,85.37834930419922,86.93223810195923
619,85.6303768157959,86.92635297775269
620,85.21202659606934,86.50712442398071
621,84.98222351074219,86.68637943267822
622,84.98210906982422,86.68639516830444
623,85.3600902557373,87.04061985015869
624,85.3600902557373,87.04061985015869
625,85.21734809875488,87.195547580719
626,85.2952938079834,87.14689826965332
627,85.2952938079834,87.14689826965332
628,85.11770439147949,87.25989580154419
629,85.11763572692871,87.25989580154419
630,85.60843849182129,86.94921159744263
631,85.3143310546875,86.65130472183228
632,85.3828125,87.72517204284668
633,85.3828182220459,87.7251877784729
634,84.92818450927734,87.14449071884155
635,85.50490379333496,86.5823826789856
636,86.01809120178223,86.22938537597656
637,85.4421215057373,87.32386112213135
638,85.4421215057373,87.32386112213135
639,85.37489891052246,87.22634220123291
640,85.16667938232422,87.1508584022522
641,85.70621681213379,87.5998010635376
642,85.70621681213379,87.5998010635376
643,85.11460304260254,87.17241096496582
644,85.47732353210449,87.24354648590088
645,85.31227684020996,87.53946018218994
646,85.24970054626465,87.33700561523438
647,85.26989936828613,86.961097240448
648,85.10940742492676,87.32824611663818
649,85.63775825500488,86.57288360595703
650,85.63775825500488,86.57288360595703
651,85.61036682128906,86.90863990783691
652,84.54316520690918,86.56276559829712
653,85.06022644042969,87.42531394958496
654,85.22003746032715,86.71082210540771
655,85.44781494140625,86.91011905670166
656,85.4139575958252,86.8423981666565
657,85.37049865722656,87.97274589538574
658,85.07504081726074,87.25874185562134
659,85.06039237976074,87.23584651947021
660,85.5124568939209,86.94323205947876
661,85.51251411437988,86.94319009780884
662,85.46206855773926,86.98994588851929
663,84.23129081726074,87.32993507385254
664,84.29779815673828,87.37975406646729
665,84.59761619567871,87.23330783843994
666,85.25143432617188,87.18968343734741
667,85.25143432617188,87.18968343734741
668,84.92346954345703,87.34417581558228
669,84.63455772399902,86.33379125595093
670,84.85798072814941,86.49090623855591
671,84.85800361633301,86.49089050292969
672,85.24703979492188,87.32108116149902
673,85.24703979492188,87.32108116149902
674,84.48371887207031,86.6705756187439
675,85.43866539001465,86.02304935455322
676,85.43866539001465,86.02305459976196
677,85.5062084197998,86.81100559234619
678,85.51384735107422,86.91945028305054
679,85.30088996887207,86.86687231063843
680,85.1084976196289,86.91992235183716
681,85.21781730651855,86.46775913238525
682,85.55411338806152,87.53864192962646
683,85.55411338806152,87.53864192962646
684,85.23255157470703,86.33185052871704
685,85.89179992675781,86.76651573181152
686,85.89187431335449,86.7664999961853
687,85.36374092102051,86.81244802474976
688,84.51506996154785,86.57564783096313
689,84.81265068054199,86.78791093826294
690,84.64624786376953,86.52572393417358
691,85.05516242980957,86.50507879257202
692,85.0309066772461,86.49264764785767
693,85.14848327636719,86.83180284500122
694,85.14848327636719,86.83180284500122
695,85.09925651550293,86.4887924194336
696,84.72279167175293,86.98064613342285
697,85.17452430725098,86.76023197174072
698,85.67947196960449,87.28638410568237
699,85.75992393493652,86.65655517578125
700,85.40824699401855,86.7135443687439
701,84.88692283630371,87.12959957122803
702,85.28079414367676,86.60662078857422
703,85.39553260803223,86.74954748153687
704,84.5976333618164,86.85518598556519
705,84.5976333618164,86.85518598556519
706,84.92040252685547,86.43869018554688
707,84.92049407958984,86.43862724304199
708,84.7126693725586,86.81933498382568
709,84.7126693725586,86.81933498382568
710,84.78862953186035,86.79788732528687
711,84.43964195251465,87.18013715744019
712,84.58195495605469,86.87811279296875
713,84.93218421936035,85.9402642250061
714,84.93218421936035,85.94027471542358
715,84.7628231048584,87.12910652160645
716,84.7628231048584,87.12910652160645
717,84.55198860168457,87.05228519439697
718,85.30037498474121,86.46245622634888
719,84.63809394836426,87.16614294052124
720,84.63809394836426,87.16614294052124
721,84.99081230163574,86.84826755523682
722,84.68834495544434,87.25356483459473
723,84.68833351135254,87.25358581542969
724,84.68833351135254,87.25358581542969
725,84.68833351135254,87.25358581542969
726,84.97836112976074,86.93605661392212
727,85.35955238342285,86.53370714187622
728,85.35955238342285,86.53370714187622
729,85.35957527160645,86.53368616104126
730,85.35958099365234,86.53367567062378
731,85.0093002319336,87.23546361923218
732,85.5043888092041,87.56485223770142
733,85.23624229431152,86.49765682220459
734,85.35838508605957,86.58174800872803
735,85.24276542663574,86.36572933197021
736,84.92301177978516,87.74536085128784
737,84.98537635803223,87.24153232574463
738,84.98535346984863,87.24153232574463
739,84.42377471923828,87.20222997665405
740,85.45486450195312,86.73946619033813
741,85.38650321960449,87.04578638076782
742,84.98194313049316,86.8331298828125
743,84.42034721374512,87.03452491760254
744,84.42034149169922,87.0345458984375
745,84.42031860351562,87.03456163406372
746,86.12741661071777,86.59673881530762
747,86.12741088867188,86.5967493057251
748,84.89436149597168,86.52547216415405
749,85.16998100280762,86.99911451339722
750,85.50872039794922,87.47985887527466
751,85.50872039794922,87.47985887527466
752,85.20913124084473,86.91191816329956
753,85.87283134460449,87.09199666976929
754,84.88339233398438,87.19492864608765
755,84.88339233398438,87.19492864608765
756,86.0485610961914,87.12877082824707
757,85.10818290710449,86.77325582504272
758,85.36601829528809,86.3239197731018
759,85.36602973937988,86.32394599914551
760,84.91521263122559,86.03569555282593
761,85.08657646179199,86.66902303695679
762,84.80284309387207,87.43032312393188
763,84.80284309387207,87.43032312393188
764,84.84364128112793,86.83451986312866
765,85.27613639831543,87.41472387313843
766,84.48824501037598,86.63725280761719
767,84.48824501037598,86.63725280761719
768,84.87792778015137,86.4245228767395
769,85.65435218811035,86.89158773422241
770,85.04073143005371,87.5278787612915
771,85.04065132141113,87.5278787612915
772,85.20980644226074,86.23838090896606
773,85.52304267883301,86.62718725204468
774,85.52311134338379,86.62719774246216
775,85.10334205627441,86.53127861022949
776,85.10334205627441,86.53127861022949
777,85.00183296203613,86.9665732383728
778,85.00172996520996,86.96669912338257
779,84.82868957519531,87.09552145004272
780,84.82868957519531,87.09552669525146
781,85.01618385314941,87.1759934425354
782,85.0162525177002,87.1759934425354
783,84.63267517089844,86.74289131164551
784,84.63267517089844,86.74289131164551
785,84.89275360107422,86.74702453613281
786,84.8928394317627,86.74700880050659
787,84.89286231994629,86.74700880050659
788,85.43581581115723,86.77711629867554
789,85.43581581115723,86.77711629867554
790,84.74776268005371,86.33269500732422
791,85.06390571594238,87.10486841201782
792,85.06390571594238,87.10486841201782
793,85.06391143798828,87.10487365722656
794,85.06391143798828,87.1048789024353
795,85.23124694824219,86.54302263259888
796,84.51276397705078,86.30876111984253
797,84.5126895904541,86.30877685546875
798,84.51264953613281,86.30877685546875
799,84.49227905273438,87.0928201675415
800,85.2707691192627,86.08903408050537
801,84.59284973144531,86.49517583847046
802,85.64661598205566,86.49577379226685
803,85.42430877685547,87.18688249588013
804,84.1131420135498,86.59838056564331
805,84.68607330322266,87.08476877212524
806,85.40547180175781,87.12927436828613
807,85.04183006286621,87.65867853164673
808,85.2949275970459,86.77933502197266
809,85.2949275970459,86.77933502197266
810,85.1865291595459,86.25421094894409
811,84.69059944152832,86.98536682128906
812,84.79083824157715,87.16735982894897
813,84.79083824157715,87.1673493385315
814,84.79083824157715,87.1673493385315
815,84.41951179504395,86.70447540283203
816,84.41951179504395,86.70447540283203
817,84.9407730102539,86.6294322013855
818,84.94085884094238,86.62940073013306
819,84.94093322753906,86.62938499450684
820,84.92289161682129,87.76756381988525
821,85.14118766784668,86.88140678405762
822,85.2184009552002,86.49243783950806
823,85.2184066772461,86.4923644065857
824,85.2184066772461,86.49232244491577
825,85.2184066772461,86.49231719970703
826,85.2184066772461,86.49231719970703
827,85.39334678649902,86.43624067306519
828,85.39338684082031,86.43621969223022
829,84.65275382995605,86.82684087753296
830,84.98843193054199,86.9780445098877
831,84.98843193054199,86.9780445098877
832,84.98846626281738,86.9780969619751
833,84.98847198486328,86.97811269760132
834,85.0312671661377,87.04235076904297
835,85.03127861022949,87.04238748550415
836,85.15974998474121,86.6226134300232
837,85.1887149810791,86.75883674621582
838,85.1887149810791,86.75883674621582
839,85.1887149810791,86.75883674621582
840,84.67845726013184,86.742356300354
841,85.20288848876953,86.42694616317749
842,84.91594505310059,86.8902816772461
843,84.63016319274902,87.05444097518921
844,84.63012886047363,87.05445146560669
845,84.63011741638184,87.05446720123291
846,85.21975135803223,86.43130493164062
847,85.21975135803223,86.43130493164062
848,85.37309074401855,86.76805782318115
849,85.37312507629395,86.76806831359863
850,84.42801475524902,87.1272497177124
851,84.42799186706543,87.12721824645996
852,84.84346961975098,86.79321384429932
853,84.84352111816406,86.79321384429932
854,84.84353828430176,86.79321384429932
855,84.52020835876465,87.15161371231079
856,84.52015113830566,87.15160322189331
857,85.79127502441406,86.82322692871094
858,84.64647102355957,86.78697204589844
859,84.64647102355957,86.78697204589844
860,84.64644813537598,86.78697204589844
861,85.30386543273926,86.7101035118103
862,85.30386543273926,86.7101035118103
863,84.4533634185791,86.45848035812378
864,84.4533519744873,86.45842790603638
865,84.57831573486328,86.35610961914062
866,84.57832145690918,86.3560938835144
867,84.57832145690918,86.35608863830566
868,84.92992401123047,87.2188572883606
869,85.02256965637207,86.7212233543396
870,85.02262115478516,86.72120761871338
871,85.02264404296875,86.72120761871338
872,85.02264976501465,86.72120761871338
873,84.97899627685547,87.21600914001465
874,84.96158409118652,86.87355995178223
875,85.03464317321777,86.81871604919434
876,84.90684700012207,86.61235904693604
877,84.90682411193848,86.61230659484863
878,85.31572723388672,86.95683813095093
879,85.31572723388672,86.95683813095093
880,84.70977973937988,86.57019805908203
881,84.70977973937988,86.57019805908203
882,84.70976829528809,86.57017707824707
883,85.13738250732422,86.6190414428711
884,85.13735961914062,86.6190414428711
885,85.41483306884766,87.0333080291748
886,85.46845436096191,86.96015310287476
887,84.5145206451416,86.8900351524353
888,84.73382377624512,87.39229011535645
889,84.73382377624512,87.39229011535645
890,84.90860939025879,86.46844625473022
891,84.90866661071777,86.46842002868652
892,85.25198936462402,86.58133888244629
893,84.60638236999512,86.53512334823608
894,84.69040489196777,87.00790548324585
895,84.69039916992188,87.00800514221191
896,84.69039344787598,87.00811004638672
897,85.0689640045166,86.59829139709473
898,85.0689640045166,86.59829139709473
899,84.6002368927002,86.91032361984253
900,85.16551208496094,87.02021074295044
901,84.84821319580078,86.66244554519653
902,84.80192756652832,86.29283142089844
903,84.80192756652832,86.2928524017334
904,84.86693000793457,86.22849893569946
905,84.86693572998047,86.22849893569946
906,85.32695960998535,86.6439037322998
907,84.4764461517334,86.39677572250366
908,84.4764232635498,86.39674949645996
909,84.47639465332031,86.39674949645996
910,85.11339569091797,87.50115966796875
911,84.59829139709473,87.10638952255249
912,84.56569862365723,86.81993818283081
913,84.56568145751953,86.81994867324829
914,85.04082298278809,86.62085628509521
915,84.38295936584473,86.92464303970337
916,84.38294219970703,86.92472171783447
917,84.853271484375,86.68693542480469
918,84.853271484375,86.68693542480469
919,84.8532943725586,86.68693017959595
920,84.8532943725586,86.68693017959595
921,84.9100170135498,86.9964919090271
922,84.52835655212402,86.9437198638916
923,84.52830505371094,86.94372510910034
924,85.39952087402344,87.0720648765564
925,85.22488975524902,86.81907796859741
926,85.22488975524902,86.81907796859741
927,84.50457000732422,87.03684854507446
928,84.7258358001709,87.56986141204834
929,84.7258358001709,87.5698561668396
930,85.15054321289062,87.17688512802124
931,85.15054321289062,87.17688512802124
932,85.15054321289062,87.17688512802124
933,85.15054321289062,87.17688512802124
934,85.08127784729004,86.99911451339722
935,84.73269081115723,86.94401359558105
936,84.73267936706543,86.94397163391113
937,84.73267936706543,86.94395589828491
938,85.58506965637207,87.01474523544312
939,85.17033576965332,86.42205762863159
940,85.17033576965332,86.42204189300537
941,85.17033576965332,86.42201042175293
942,85.17033576965332,86.42200517654419
943,85.17033576965332,86.42200517654419
944,85.17032432556152,86.42203664779663
945,84.71712684631348,86.7991042137146
946,84.71712684631348,86.7991042137146
947,85.57382011413574,86.98248195648193
948,84.44342994689941,87.1288390159607
949,84.44341278076172,87.12882328033447
950,84.89734840393066,86.92276525497437
951,84.89734840393066,86.92276525497437
952,84.89738273620605,86.9227442741394
953,84.89739418029785,86.92273902893066
954,85.55360412597656,87.18900156021118
955,85.70935249328613,86.96486854553223
956,85.70934104919434,86.9648003578186
957,85.10714721679688,87.34516191482544
958,85.10714721679688,87.34516191482544
959,85.10708427429199,87.34516716003418
960,85.1070785522461,87.34516716003418
961,85.19796752929688,87.01989603042603
962,85.10676383972168,86.76366233825684
963,85.10675239562988,86.7636570930481
964,85.10675239562988,86.7636570930481
965,84.87282371520996,86.78130197525024
966,84.87281799316406,86.78130197525024
967,84.87281227111816,86.78130197525024
968,84.87281227111816,86.78130197525024
969,84.58461570739746,86.62827825546265
970,85.21495628356934,86.78564500808716
971,84.67537879943848,86.82793188095093
972,84.67533874511719,86.82793188095093
973,85.6127700805664,86.86109733581543
974,85.6127700805664,86.86109733581543
975,84.56089210510254,86.5865159034729
976,85.12177848815918,86.71462488174438
977,85.3612232208252,87.06143808364868
978,84.59891510009766,86.44866132736206
979,84.86466407775879,87.05913543701172
980,85.17234992980957,87.12224578857422
981,84.84755516052246,86.85528039932251
982,85.64661598205566,86.97665452957153
983,86.04624366760254,87.06398725509644
984,84.93502807617188,86.43441009521484
985,84.45568084716797,85.92746591567993
986,84.45568084716797,85.92747640609741
987,84.45565223693848,85.9272928237915
988,85.25180053710938,86.42781686782837
989,84.44946098327637,86.0141429901123
990,84.44946098327637,86.0141429901123
991,84.59099006652832,86.4660701751709
992,84.27335929870605,86.92885494232178
993,84.27335357666016,86.92890214920044
994,84.96839904785156,87.15117835998535
995,85.14612579345703,87.36448001861572
996,85.30570793151855,86.78624820709229
997,85.40707397460938,87.26587009429932
998,84.97110557556152,86.93696403503418
999,84.96932029724121,86.41944026947021
1000,84.96924591064453,86.41938781738281
1001,85.06002044677734,86.91951847076416
1002,85.47915458679199,87.008629322052
1003,85.47921180725098,87.00865030288696
1004,84.9682445526123,87.10804176330566
1005,84.96819305419922,87.10805749893188
1006,84.87474632263184,86.72585487365723
1007,84.87472343444824,86.72585487365723
1008,84.70745658874512,86.92004299163818
1009,84.70744514465332,86.92015314102173
1010,84.88339233398438,87.0686240196228
1011,84.45306587219238,86.92007970809937
1012,85.03540992736816,87.17997980117798
1013,84.857666015625,87.10202550888062
1014,85.13916206359863,86.86588096618652
1015,84.39994812011719,86.8627495765686
1016,84.39995384216309,86.86271810531616
1017,84.39993095397949,86.86270236968994
1018,84.75302124023438,86.76461172103882
1019,84.93255043029785,87.21561574935913
1020,84.74771690368652,87.12547159194946
1021,84.26632118225098,86.8470664024353
1022,84.26633262634277,86.84705591201782
1023,84.40543556213379,86.48056268692017
1024,84.91090965270996,86.41470909118652
1025,84.91096687316895,86.41465663909912
1026,84.92701721191406,87.4001317024231
1027,84.92701148986816,87.4001841545105
1028,85.13152313232422,87.54398155212402
1029,85.4106273651123,87.07709503173828
1030,85.24114036560059,87.51940250396729
1031,85.24113464355469,87.51949167251587
1032,85.24113464355469,87.51953363418579
1033,86.01331901550293,87.17856359481812
1034,84.73329734802246,87.18772172927856
1035,85.10359954833984,87.09762477874756
1036,85.39681434631348,86.3183650970459
1037,85.13191223144531,86.90744924545288
1038,85.13191223144531,86.9074649810791
1039,85.13189506530762,86.90757513046265
1040,85.30470085144043,86.54487419128418
1041,85.25680732727051,86.2679271697998
1042,85.18995666503906,87.13026571273804
1043,85.02380561828613,87.6879940032959
1044,85.02380561828613,87.6879940032959
1045,84.62759971618652,86.90579175949097
1046,84.62759971618652,86.90580749511719
1047,85.23751258850098,86.75098466873169
1048,85.39395332336426,87.01209115982056
1049,84.48458290100098,86.52993583679199
1050,84.31924438476562,86.82140159606934
1051,84.31925010681152,86.82146453857422
1052,85.32293701171875,86.68718194961548
1053,85.32293701171875,86.68718194961548
1054,84.73706245422363,87.4570107460022
1055,84.99831962585449,86.89248466491699
1056,84.99839973449707,86.89240074157715
1057,85.4575023651123,87.00259208679199
1058,85.45757102966309,87.00260257720947
1059,85.73156547546387,86.86015319824219
1060,85.5926570892334,87.04610633850098
1061,84.42897033691406,86.81166648864746
1062,84.89813232421875,87.30541896820068
1063,84.85967445373535,87.11865282058716
1064,84.85967445373535,87.11864233016968
1065,84.70024681091309,86.66656303405762
1066,84.70024681091309,86.66656303405762
1067,84.59076118469238,86.84945821762085
1068,84.59074401855469,86.84953165054321
1069,85.11851692199707,86.62667846679688
1070,84.72003364562988,87.15087938308716
1071,85.44767761230469,86.90776920318604
1072,85.06366539001465,86.80395603179932
1073,85.1316146850586,87.14474248886108
1074,84.2391529083252,87.36265468597412
1075,84.70390892028809,86.74669408798218
1076,84.66373443603516,87.23622941970825
1077,84.66371154785156,87.2362608909607
1078,84.67215156555176,86.94114446640015
1079,85.02632331848145,87.0387053489685
1080,85.26983070373535,87.03590440750122
1081,85.26985359191895,87.03590965270996
1082,85.15976142883301,86.79422092437744
1083,85.15976142883301,86.79423666000366
1084,86.06379890441895,87.21615600585938
1085,85.45890998840332,86.67437839508057
1086,85.09002685546875,86.60710859298706
1087,85.3842544555664,86.65974950790405
1088,85.3842830657959,86.65974426269531
1089,85.38383674621582,87.15229034423828
1090,85.38383674621582,87.15229034423828
1091,84.78695869445801,87.30937910079956
1092,85.9603042602539,86.65258979797363
1093,85.14091300964355,87.17829084396362
1094,85.16439628601074,86.60701942443848
1095,85.16439628601074,86.60702466964722
1096,85.48505973815918,86.77082204818726
1097,85.48510551452637,86.770827293396
1098,85.2099380493164,87.37272548675537
1099,85.2099380493164,87.37272024154663
1100,84.89421844482422,86.02667903900146
1101,85.67491722106934,87.09471893310547
1102,85.32440757751465,87.24611139297485
1103,85.15290069580078,86.95716857910156
1104,85.1634693145752,87.15665435791016
1105,85.1634693145752,87.1566596031189
1106,85.1634693145752,87.1566596031189
1107,85.34152793884277,86.89907264709473
1108,85.34156799316406,86.8989782333374
1109,84.4636402130127,87.12830400466919
1110,84.53054237365723,87.05222225189209
1111,84.53050231933594,87.05220127105713
1112,84.89003562927246,86.63139915466309
1113,84.89003562927246,86.63139915466309
1114,85.10069274902344,86.96895456314087
1115,85.34854316711426,86.23037672042847
1116,84.58991432189941,86.87750434875488
1117,85.2282485961914,87.4373779296875
1118,85.2282485961914,87.4373779296875
1119,85.25220680236816,86.71648168563843
1120,85.25220680236816,86.71648168563843
1121,85.29251861572266,86.40793752670288
1122,85.50375366210938,87.65196466445923
1123,84.881103515625,87.30867099761963
1124,84.75946998596191,86.5404577255249
1125,84.75946998596191,86.54046821594238
1126,85.58267211914062,86.94175815582275
1127,85.58264923095703,86.9418420791626
1128,84.96334075927734,86.8027024269104
1129,84.40798759460449,86.85632944107056
1130,84.50261878967285,86.36052083969116
1131,84.50260162353516,86.36052083969116
1132,85.29071044921875,86.93135166168213
1133,85.11855125427246,86.71092176437378
1134,84.9089412689209,86.87062788009644
1135,84.90889549255371,86.87069606781006
1136,85.0228099822998,87.17151403427124
1137,85.2938461303711,86.63263177871704
1138,85.6325626373291,86.8797755241394
1139,85.15486907958984,87.13629245758057
1140,84.85378074645996,86.57605695724487
1141,84.85378074645996,86.57605695724487
1142,84.62561988830566,87.14969396591187
1143,84.87226867675781,87.2360668182373
1144,84.72519493103027,87.05327653884888
1145,85.22563934326172,86.47897863388062
1146,84.79841423034668,86.99025011062622
1147,84.79842567443848,86.99025535583496
1148,84.79841423034668,86.99026584625244
1149,84.46112251281738,86.8151650428772
1150,84.96999549865723,87.15639734268188
1151,84.8675537109375,86.81088495254517
1152,84.96784973144531,87.22916412353516
1153,84.95131874084473,86.68666791915894
1154,84.95129585266113,86.68664693832397
1155,84.95129585266113,86.6866364479065
1156,84.81292533874512,87.2103705406189
1157,84.6093807220459,86.27340841293335
1158,84.6533031463623,87.28953647613525
1159,85.69976806640625,86.92067766189575
1160,85.40171241760254,86.91658639907837
1161,85.40171241760254,86.91653394699097
1162,85.40171241760254,86.91651821136475
1163,84.90078163146973,86.80731296539307
1164,84.67401123046875,87.35414695739746
1165,85.27762413024902,87.44755363464355
1166,85.07274055480957,86.98242425918579
1167,84.9034652709961,87.0368275642395
1168,84.67250633239746,86.71343946456909
1169,84.67250633239746,86.71343946456909
1170,84.67250061035156,86.71343421936035
1171,85.71661376953125,87.4437403678894
1172,84.74167442321777,86.51703786849976
1173,84.72847938537598,87.09432029724121
1174,85.6483325958252,87.27245283126831
1175,84.99435424804688,86.82914876937866
1176,84.9942455291748,86.8292064666748
1177,84.99416542053223,86.8292064666748
1178,85.00385856628418,87.47737264633179
1179,85.0726089477539,86.92114973068237
1180,85.18041801452637,86.76659965515137
1181,84.76992988586426,87.07892560958862
1182,84.60701179504395,86.6841344833374
1183,85.7080020904541,87.5214376449585
1184,84.57394409179688,86.99901485443115
1185,84.62700462341309,86.617347240448
1186,84.62700462341309,86.61735773086548
1187,85.8046646118164,87.06141710281372
1188,84.75,86.74999332427979
1189,84.75,86.74999332427979
1190,84.44389915466309,87.01401615142822
1191,84.44388771057129,87.01403713226318
1192,84.4438705444336,87.01404762268066
1193,84.92184448242188,87.29607200622559
1194,85.5790843963623,87.61092615127563
1195,84.94876670837402,86.85904121398926
1196,84.74544525146484,86.80818891525269
1197,84.31192016601562,86.95901489257812
1198,85.01446723937988,87.83789157867432
1199,85.01446723937988,87.83789157867432
1200,85.01444435119629,87.83792304992676
1201,84.71575927734375,86.86643171310425
1202,84.80576133728027,87.92186212539673
1203,84.84478569030762,87.73763465881348
1204,84.75937843322754,87.15523290634155
1205,84.75937843322754,87.15523290634155
1206,84.71903228759766,87.16284894943237
1207,83.91568565368652,86.99145650863647
1208,84.42585754394531,87.13654947280884
1209,84.84597587585449,87.45323419570923
1210,84.84597587585449,87.45323419570923
1211,84.54622650146484,86.81938219070435
1212,84.54622650146484,86.81938219070435
1213,84.60919189453125,87.07650756835938
1214,84.60919761657715,87.07653903961182
1215,84.77437019348145,86.99135684967041
1216,84.23368835449219,87.27628183364868
1217,84.23368835449219,87.27628183364868
1218,84.76043128967285,87.09199666976929
1219,84.59603691101074,88.06651973724365
1220,85.03369903564453,86.88007974624634
1221,85.03376197814941,86.88007974624634
1222,85.0338077545166,86.88007974624634
1223,84.72537231445312,87.5665831565857
1224,84.72537231445312,87.5665831565857
1225,84.86089324951172,87.56537675857544
1226,84.97627258300781,87.86107015609741
1227,84.89675903320312,87.39195966720581
1228,84.97379493713379,87.35736751556396
1229,84.25792121887207,86.84287023544312
1230,84.25792121887207,86.84287023544312
1231,85.42732429504395,87.56206703186035
1232,84.88554954528809,87.44045162200928
1233,84.71539306640625,87.12870788574219
1234,84.67659759521484,87.33119916915894
1235,84.87043762207031,87.24970960617065
1236,84.47875785827637,87.25272560119629
1237,85.19159889221191,86.82305383682251
1238,84.79708671569824,87.08402395248413
1239,84.79708099365234,87.08403968811035
1240,84.79708099365234,87.08403968811035
1241,84.4541187286377,87.73953866958618
1242,84.4541187286377,87.73953866958618
1243,84.91696357727051,86.9862847328186
1244,84.91696357727051,86.9862847328186
1245,84.4929428100586,87.26377725601196
1246,84.4928970336914,87.26371955871582
1247,84.64361000061035,87.49880981445312
1248,84.64354705810547,87.49887800216675
1249,85.18347358703613,87.18933200836182
1250,85.32519721984863,86.5622410774231
1251,85.32518577575684,86.56232500076294
1252,84.62685585021973,86.30607557296753
1253,84.93743133544922,86.61279439926147
1254,84.49582099914551,87.66889095306396
1255,84.49582099914551,87.66889095306396
1256,84.80211067199707,87.49938154220581
1257,84.8763484954834,86.99303531646729
1258,84.87639427185059,86.99301958084106
1259,84.87641716003418,86.99300384521484
1260,84.20989036560059,87.28795766830444
1261,84.20989036560059,87.28795766830444
1262,84.20988464355469,87.28795766830444
1263,84.39349937438965,87.44423866271973
1264,84.39344787597656,87.44430685043335
1265,84.40767860412598,86.75009822845459
1266,84.71928405761719,87.24524068832397
1267,84.54402351379395,86.83016109466553
1268,84.51786231994629,87.09089517593384
1269,84.5178451538086,87.09092664718628
1270,84.2343578338623,86.93141984939575
1271,84.234375,86.93137264251709
1272,84.2343807220459,86.93136739730835
1273,84.2343807220459,86.93136739730835
1274,84.234375,86.93141984939575
1275,84.07279014587402,87.07708978652954
1276,84.07276153564453,87.07708978652954
1277,85.2586441040039,87.04210424423218
1278,85.30563354492188,87.29622411727905
1279,85.30563354492188,87.29622411727905
1280,84.97349739074707,86.65071201324463
1281,84.5731430053711,87.33628702163696
1282,84.5731430053711,87.33628702163696
1283,84.57309150695801,87.336266040802
1284,84.5046615600586,86.68008518218994
1285,84.65995788574219,87.94842386245728
1286,84.65995788574219,87.94842386245728
1287,85.26619720458984,87.38022089004517
1288,85.26619720458984,87.38022089004517
1289,85.26621437072754,87.38019466400146
1290,85.26622009277344,87.38017892837524
1291,85.26622009277344,87.3801736831665
1292,84.62063598632812,87.25606679916382
1293,84.94318199157715,86.85580492019653
1294,84.72996711730957,87.64439582824707
1295,84.77384948730469,87.31075859069824
1296,84.66384887695312,86.90087175369263
1297,84.9133129119873,87.12508344650269
1298,84.9133358001709,87.12513065338135
1299,85.18082427978516,87.12117576599121
1300,85.18081855773926,87.12117576599121
1301,85.03248596191406,86.95489740371704
1302,85.01413536071777,87.85799646377563
1303,84.33741760253906,87.4834361076355
1304,84.58606910705566,87.19775581359863
1305,85.08307456970215,87.11981201171875
1306,84.61621856689453,87.12364101409912
1307,84.75968742370605,87.06947374343872
1308,84.75969886779785,87.06946325302124
1309,85.18766784667969,87.47912454605103
1310,84.80870246887207,86.53780889511108
1311,84.80870246887207,86.53780889511108
1312,84.56208229064941,87.06917476654053
1313,84.18450164794922,87.39910364151001
1314,84.18445587158203,87.39916133880615
1315,84.2391357421875,87.77399444580078
1316,83.8952808380127,86.53251647949219
1317,84.15978240966797,87.7358775138855
1318,84.15978240966797,87.7358775138855
1319,84.15976524353027,87.7358775138855
1320,84.75059509277344,87.53963327407837
1321,84.40226554870605,88.0446367263794
1322,84.37026786804199,87.0429539680481
1323,83.88896369934082,87.17704248428345
1324,83.88896942138672,87.17704248428345
1325,84.11087608337402,86.96360969543457
1326,84.97313690185547,86.43642950057983
1327,84.63269805908203,87.08397674560547
1328,84.63269233703613,87.08397674560547
1329,84.63269233703613,87.08399248123169
1330,84.31304168701172,87.72027826309204
1331,84.31304168701172,87.72027826309204
1332,84.63027763366699,86.71740484237671
1333,84.63028907775879,86.71740484237671
1334,85.09650421142578,86.74740743637085
1335,84.72017669677734,87.84876489639282
1336,84.22949409484863,87.33625555038452
1337,84.16245460510254,87.22455358505249
1338,84.16246032714844,87.22454833984375
1339,84.16246032714844,87.22454833984375
1340,84.50933074951172,87.5129246711731
1341,84.50926780700684,87.51298761367798
1342,84.50923347473145,87.51302433013916
1343,84.50921630859375,87.5130295753479
1344,84.97873878479004,87.3460693359375
1345,84.72038841247559,87.07506513595581
1346,84.72041130065918,87.07501792907715
1347,85.18039512634277,87.08556604385376
1348,85.18039512634277,87.08552408218384
1349,85.18039512634277,87.08553457260132
1350,85.18039512634277,87.08553457260132
1351,85.18039512634277,87.08553457260132
1352,84.30535125732422,86.8036937713623
1353,85.0554027557373,87.64653587341309
1354,84.68667411804199,87.05208587646484
1355,84.68667411804199,87.05204916000366
1356,84.66636657714844,86.95144081115723
1357,85.10060691833496,87.2470555305481
1358,84.8477954864502,87.850821018219
1359,84.8477954864502,87.850821018219
1360,84.88049125671387,88.01716232299805
1361,84.88046264648438,88.01720428466797
1362,85.32501983642578,87.04280710220337
1363,85.01099967956543,87.75524806976318
1364,85.19703483581543,86.91441488265991
1365,85.19701194763184,86.91444635391235
1366,85.27118682861328,88.45734024047852
1367,85.27120399475098,88.45731925964355
1368,84.88837623596191,87.39887285232544
1369,84.88837623596191,87.39887809753418
1370,84.6460189819336,87.60992956161499
1371,84.64599609375,87.60990333557129
1372,85.23441123962402,87.44518804550171
1373,85.33450126647949,87.24005842208862
1374,85.33454132080078,87.24005842208862
1375,85.23813056945801,86.80997228622437
1376,84.87154197692871,87.12979888916016
1377,84.31696128845215,87.3572678565979
1378,84.11190605163574,88.12072372436523
1379,84.11187744140625,88.12068176269531
1380,84.57884216308594,87.2467827796936
1381,84.57884216308594,87.2467827796936
1382,84.7433853149414,87.1161036491394
1383,84.7434024810791,87.11609840393066
1384,84.7434024810791,87.11609840393066
1385,84.75234031677246,88.03293991088867
1386,84.847412109375,87.98618936538696
1387,84.74917030334473,87.34128046035767
1388,84.74917030334473,87.34128046035767
1389,84.74917030334473,87.34128046035767
1390,84.74917030334473,87.34126996994019
1391,84.74917030334473,87.34126996994019
1392,84.74918174743652,87.34124898910522
1393,84.78202056884766,87.7647156715393
1394,84.38920783996582,87.69595098495483
1395,84.38920783996582,87.69596147537231
1396,84.38919067382812,87.6959457397461
1397,84.38918495178223,87.69594049453735
1398,84.38918495178223,87.69594049453735
1399,84.38916206359863,87.69592475891113
1400,84.38297080993652,87.9014949798584
1401,84.38297080993652,87.9014949798584
