0,75.20311975479126,54.1700541973114
1,75.20311975479126,54.1700541973114
2,74.27788639068604,53.624144196510315
3,74.12714409828186,54.60082143545151
4,75.05939412117004,54.598917067050934
5,76.37859034538269,55.41904270648956
6,74.76931643486023,56.22715651988983
7,73.84872436523438,54.782308638095856
8,75.32038807868958,52.86902189254761
9,75.34109687805176,52.73099094629288
10,75.46375966072083,52.74471491575241
11,75.66061878204346,50.82487910985947
12,74.01771640777588,51.265887916088104
13,71.14727210998535,51.85688138008118
14,70.49130463600159,51.70762538909912
15,68.76722145080566,50.623731315135956
16,69.30308818817139,50.71328580379486
17,67.64775538444519,50.710031390190125
18,67.64776825904846,50.710026919841766
19,67.02639484405518,50.661031901836395
20,68.02654552459717,50.540703535079956
21,68.73267889022827,51.68381184339523
22,67.51998782157898,50.35678893327713
23,66.32846903800964,51.46656632423401
24,65.30814385414124,50.50777494907379
25,65.28729343414307,50.204962491989136
26,64.54037976264954,49.439737200737
27,64.65004563331604,48.641131818294525
28,62.77621793746948,49.55311417579651
29,62.38148260116577,51.26890540122986
30,62.745054960250854,50.776295363903046
31,61.981146812438965,50.27672499418259
32,61.76007056236267,48.68499934673309
33,62.308696031570435,48.161137104034424
34,61.77734184265137,49.081259965896606
35,60.8284707069397,49.452003836631775
36,61.156296730041504,48.363424837589264
37,60.7359344959259,47.913533449172974
38,61.50147771835327,48.33030849695206
39,61.38652038574219,48.34981709718704
40,61.51070237159729,47.39346653223038
41,63.269752979278564,46.734076738357544
42,63.213980197906494,46.673181653022766
43,62.48774313926697,47.0475509762764
44,60.29321551322937,47.114552557468414
45,59.05693173408508,47.230902314186096
46,58.2127890586853,46.851347386837006
47,57.08869457244873,47.895580530166626
48,56.577308893203735,48.107197880744934
49,58.22350716590881,46.96542173624039
50,58.67093825340271,46.538516879081726
51,57.87792706489563,44.706425070762634
52,56.52182579040527,44.8862224817276
53,56.23792791366577,46.16219401359558
54,55.15765857696533,47.55148887634277
55,55.26451778411865,49.39975440502167
56,53.94906163215637,50.76036751270294
57,53.6501487493515,51.00281685590744
58,53.67144012451172,52.23285108804703
59,52.19567584991455,52.63107419013977
60,51.790969133377075,51.71767920255661
61,52.583011507987976,51.81578993797302
62,54.2296507358551,51.22675895690918
63,54.2296507358551,51.22675448656082
64,54.51350998878479,50.870539247989655
65,55.26144075393677,51.04656368494034
66,55.79609727859497,51.03525370359421
67,56.22461557388306,50.05370378494263
68,56.74212956428528,50.58022141456604
69,57.53252077102661,51.27215534448624
70,57.00547957420349,51.31746232509613
71,56.109291315078735,51.83965265750885
72,59.110515832901,50.63311457633972
73,59.11038064956665,50.63317269086838
74,60.15156269073486,49.821630120277405
75,60.73315358161926,50.01330077648163
76,59.16100358963013,49.8570442199707
77,57.5291862487793,49.24803525209427
78,57.52919912338257,49.24802631139755
79,56.73227405548096,48.51318150758743
80,56.99265003204346,47.1192330121994
81,57.6834819316864,45.01191973686218
82,57.6834819316864,45.011937618255615
83,57.70959806442261,44.34954822063446
84,58.06175708770752,44.87030357122421
85,57.89524984359741,45.70738077163696
86,57.666996002197266,44.99425292015076
87,57.66691875457764,44.99424397945404
88,57.71770262718201,44.8470801115036
89,56.92139554023743,45.59072256088257
90,57.268539905548096,45.52903175354004
91,57.80745792388916,45.951350033283234
92,58.112637519836426,46.05390429496765
93,56.512614011764526,46.63136601448059
94,57.44683384895325,46.49583399295807
95,57.605719327926636,46.15664631128311
96,58.07773447036743,46.191783249378204
97,55.654322147369385,47.58370220661163
98,55.654322147369385,47.5836843252182
99,54.95219922065735,48.277196288108826
100,53.19538235664368,46.327002346515656
101,53.195385575294495,46.327002346515656
102,53.316760897636414,45.342662930488586
103,51.658045291900635,46.112264692783356
104,51.658058166503906,46.112264692783356
105,50.51470327377319,44.49102580547333
106,50.78787338733673,44.124698638916016
107,50.07703113555908,43.86037141084671
108,50.0770343542099,43.860362470149994
109,50.86533343791962,44.8526456952095
110,52.24062752723694,43.87424290180206
111,52.9316782951355,43.18225979804993
112,52.93167507648468,43.182264268398285
113,53.051634192466736,43.46979707479477
114,53.99012517929077,43.99552345275879
115,53.451603055000305,43.423596024513245
116,54.53250002861023,42.98972189426422
117,54.53250002861023,42.98972189426422
118,53.00101447105408,41.89545661211014
119,53.043484568595886,42.407114803791046
120,53.04341375827789,42.40720868110657
121,52.907634973526,44.269368052482605
122,52.80768299102783,44.84599381685257
123,52.5686981678009,45.61925232410431
124,53.5578088760376,46.840377151966095
125,53.91838788986206,46.47156000137329
126,54.896870613098145,46.99680358171463
127,55.39006447792053,46.49464040994644
128,55.3583607673645,47.16169238090515
129,55.69572043418884,47.91034609079361
130,54.804327964782715,49.27744120359421
131,54.27233648300171,49.01045858860016
132,54.27233648300171,49.01045858860016
133,55.4802188873291,48.621390759944916
134,57.24929237365723,48.717641830444336
135,56.614033699035645,47.89560288190842
136,56.614033699035645,47.89560288190842
137,57.232375144958496,45.14544904232025
138,55.75340509414673,45.285920798778534
139,54.61445331573486,45.69649547338486
140,53.60689973831177,46.46141231060028
141,54.22435927391052,47.002360224723816
142,54.224294900894165,47.0022976398468
143,54.78534436225891,46.84031456708908
144,55.35420870780945,46.848441660404205
145,55.49142622947693,46.41111642122269
146,56.586939096450806,46.2557852268219
147,54.6192684173584,44.47373002767563
148,54.61929416656494,44.473716616630554
149,55.60354471206665,43.354158103466034
150,56.43687915802002,43.85996013879776
151,55.7367582321167,43.4252142906189
152,55.7367582321167,43.4252142906189
153,53.46166133880615,44.68768537044525
154,53.46168065071106,44.68766748905182
155,51.08810269832611,48.41053783893585
156,51.08819282054901,48.41042160987854
157,52.22815203666687,49.064210057258606
158,52.22814881801605,49.06420111656189
159,51.0075044631958,50.373575091362
160,51.5931830406189,51.36823654174805
161,51.84895956516266,51.749593019485474
162,51.84895956516266,51.749593019485474
163,54.34516167640686,50.15682578086853
164,54.34516167640686,50.156812369823456
165,54.4993736743927,51.03391259908676
166,53.198362827301025,52.02087610960007
167,53.19835638999939,52.02087163925171
168,52.89056646823883,52.212707698345184
169,53.40018832683563,51.161590218544006
170,54.56409430503845,50.28347969055176
171,52.901097893714905,51.958608627319336
172,52.90108501911163,51.95859968662262
173,53.44343090057373,52.92784720659256
174,51.83346176147461,53.72989475727081
175,51.83346176147461,53.72989475727081
176,49.951767683029175,51.32767707109451
177,49.951828837394714,51.32769048213959
178,49.66720354557037,51.63439214229584
179,47.93546962738037,51.62857174873352
180,49.06392216682434,51.85482054948807
181,49.06399619579315,51.854780316352844
182,48.599284172058105,53.2467395067215
183,48.599284172058105,53.24673503637314
184,49.886226296424866,52.429233491420746
185,52.441439151763916,53.22259962558746
186,52.44141662120819,53.222617506980896
187,52.33059847354889,53.65358144044876
188,52.33056950569153,53.65356802940369
189,51.09140503406525,54.35332506895065
190,50.22818863391876,54.547861218452454
191,47.57676386833191,55.186741054058075
192,47.57682824134827,55.186718702316284
193,48.62243592739105,55.04468232393265
194,47.62269079685211,53.988316655159
195,47.49970614910126,53.4126341342926
196,50.56620812416077,53.59498858451843
197,50.56615340709686,53.59504222869873
198,50.56619203090668,53.59506458044052
199,49.26919162273407,55.00021576881409
200,49.26918840408325,55.00020682811737
201,49.63331115245819,55.72268217802048
202,50.27652311325073,54.75646108388901
203,47.94147562980652,55.03608584403992
204,47.94146275520325,55.03605455160141
205,47.24244260787964,55.79851269721985
206,47.24244260787964,55.798570811748505
207,47.579567313194275,54.646021127700806
208,47.579567313194275,54.646021127700806
209,47.069475531578064,52.68877297639847
210,47.0694819688797,52.68877297639847
211,45.184929728507996,52.425165474414825
212,43.98740494251251,52.61043906211853
213,43.98742747306824,52.610430121421814
214,43.856170892715454,51.81269645690918
215,44.069692969322205,51.39995366334915
216,44.398465275764465,49.095238745212555
217,44.39845883846283,49.09524321556091
218,45.83438265323639,49.1421639919281
219,45.28171455860138,47.70175516605377
220,45.28171455860138,47.70175516605377
221,45.041680455207825,48.77116084098816
222,45.337117195129395,46.53967469930649
223,45.33712041378021,46.539679169654846
224,45.64017570018768,47.16918021440506
225,43.584120869636536,47.75271713733673
226,43.977658867836,47.47855067253113
227,43.97762989997864,47.47854173183441
228,43.949421644210815,46.79856598377228
229,40.708649039268494,47.81573563814163
230,39.451865673065186,48.39715361595154
231,39.45187854766846,48.397135734558105
232,39.90415692329407,47.95409291982651
233,39.04518270492554,47.4212184548378
234,39.497193932533264,46.7864915728569
235,39.497193932533264,46.7864915728569
236,38.80113172531128,48.426353931427
237,38.80112850666046,48.426349461078644
238,37.29782223701477,49.40551221370697
239,35.97510480880737,50.40299892425537
240,35.9751273393631,50.402989983558655
241,37.16385877132416,49.572403728961945
242,37.163849115371704,49.5724081993103
243,37.105594754219055,50.54028779268265
244,39.53011751174927,49.030181765556335
245,39.53006601333618,49.03019964694977
246,39.16305935382843,49.00054335594177
247,38.33940660953522,49.902158975601196
248,38.33935189247131,49.902163445949554
249,38.648258686065674,49.44133311510086
250,40.24455499649048,50.4639208316803
251,41.08553695678711,48.20370376110077
252,41.085498332977295,48.20374846458435
253,41.08547902107239,48.20377081632614
254,40.89630603790283,46.726177632808685
255,40.89630603790283,46.726177632808685
256,40.40685224533081,46.01030945777893
257,40.40685224533081,46.01030945777893
258,40.26420485973358,43.91155689954758
259,40.26421773433685,43.91157031059265
260,40.139227867126465,44.13171261548996
261,40.13916349411011,44.13180202245712
262,40.66271889209747,44.964806735515594
263,40.66271889209747,44.964802265167236
264,40.66277039051056,44.96486037969589
265,40.80204141139984,45.22329121828079
266,40.80204784870148,45.22329121828079
267,40.544333696365356,44.20424848794937
268,40.544288635253906,44.20427083969116
269,42.81030893325806,44.020356237888336
270,42.91377246379852,45.597825944423676
271,42.91377246379852,45.59782147407532
272,41.318583369255066,47.079384326934814
273,41.3185898065567,47.0793753862381
274,39.74144768714905,48.395825922489166
275,38.76652157306671,48.60189110040665
276,38.76652157306671,48.60188663005829
277,38.76652157306671,48.60188663005829
278,38.80487823486328,46.492016315460205
279,38.12753248214722,43.66060942411423
280,38.480618476867676,43.59078258275986
281,38.20357954502106,42.05457866191864
282,38.203582763671875,42.054583132267
283,38.41989862918854,41.916753351688385
284,38.41994047164917,41.91672205924988
285,38.54956841468811,41.55171364545822
286,36.303194761276245,41.026487946510315
287,36.303210854530334,41.026510298252106
288,36.43190538883209,41.66925698518753
289,36.43183135986328,41.669270396232605
290,37.8201287984848,43.4721976518631
291,37.288426995277405,44.861917197704315
292,36.97946548461914,45.60745060443878
293,36.97946870326996,45.60745060443878
294,36.403339862823486,45.47902196645737
295,36.403339862823486,45.47902196645737
296,35.907081842422485,47.267644107341766
297,35.9070850610733,47.267644107341766
298,33.52505815029144,47.094471752643585
299,33.52510964870453,47.09445834159851
300,32.87060987949371,45.363275706768036
301,32.87061309814453,45.363280177116394
302,32.87062919139862,45.36328911781311
303,33.86057674884796,44.44336295127869
304,33.86057674884796,44.44336295127869
305,34.45961272716522,43.572838604450226
306,34.45961272716522,43.572843074798584
307,33.8890585899353,41.37003868818283
308,33.88906180858612,41.370052099227905
309,33.82722187042236,39.733269810676575
310,33.82722187042236,39.733269810676575
311,33.55946230888367,39.9600550532341
312,33.73400008678436,38.96833956241608
313,33.734006524086,38.968344032764435
314,33.98307538032532,38.05832862854004
315,33.98317193984985,38.05825263261795
316,34.75859320163727,40.42731374502182
317,34.758583545684814,40.42730927467346
318,34.7586350440979,40.42733162641525
319,34.75865435600281,40.42734503746033
320,34.75866401195526,40.427349507808685
321,35.26870107650757,40.06762504577637
322,34.08435344696045,37.173016369342804
323,33.18853533267975,37.32915446162224
324,33.188538551330566,37.32915446162224
325,34.82761073112488,36.75255998969078
326,34.201621770858765,34.314052015542984
327,34.0659556388855,33.87691006064415
328,34.11238467693329,34.13626849651337
329,32.41656446456909,33.671124279499054
330,31.337502121925354,34.17699784040451
331,30.657732725143433,35.196228325366974
332,31.95320749282837,35.31348779797554
333,31.803263425827026,34.83467102050781
334,31.765074133872986,34.627097100019455
335,30.413028359413147,34.98428240418434
336,29.656249523162842,34.023499488830566
337,28.481287479400635,33.934300392866135
338,28.585819602012634,33.03622528910637
339,27.60519003868103,34.25852134823799
340,27.21463894844055,35.578903555870056
341,27.673563838005066,34.93132442235947
342,26.942991256713867,34.697531908750534
343,26.3263041973114,35.6333389878273
344,26.89975994825363,36.76944449543953
345,27.290167808532715,37.6543790102005
346,26.297692000865936,36.85808256268501
347,26.195987462997437,36.862948536872864
348,25.930696606636047,36.12157478928566
349,26.593732237815857,36.73393204808235
350,25.954070448875427,39.22739624977112
351,26.990738332271576,39.7404670715332
352,27.51704728603363,39.57144767045975
353,29.15125286579132,38.749390840530396
354,29.888517022132874,37.73158639669418
355,30.102721452713013,38.45381587743759
356,29.117621183395386,39.45669382810593
357,28.406572937965393,40.82294404506683
358,31.094101309776306,41.93138927221298
359,31.09404981136322,41.93151891231537
360,30.048506498336792,41.61705672740936
361,30.048516154289246,41.617052257061005
362,31.549614429473877,41.41377657651901
363,32.49033272266388,42.50779151916504
364,31.96768820285797,44.15459632873535
365,35.875259041786194,45.893338322639465
366,35.875259041786194,45.893338322639465
367,37.48276913166046,45.504891872406006
368,39.341984152793884,45.53199112415314
369,39.796985507011414,44.69607621431351
370,38.56047964096069,46.202051639556885
371,38.20795691013336,47.00616002082825
372,38.64210784435272,48.28192591667175
373,38.922027468681335,44.68604475259781
374,38.922014594078064,44.68604475259781
375,38.01387548446655,45.415739715099335
376,38.173890709877014,46.79160118103027
377,38.5632187128067,48.100537061691284
378,38.34885013103485,48.562878370285034
379,38.34584069252014,47.49669134616852
380,36.67806136608124,47.38089591264725
381,36.628703355789185,47.68662303686142
382,36.19197106361389,48.44558984041214
383,36.25005483627319,48.38528484106064
384,36.78232955932617,49.56897050142288
385,37.816482067108154,49.53003376722336
386,36.812591314315796,50.32956451177597
387,36.35742259025574,49.49890673160553
388,36.97304105758667,50.60281455516815
389,35.94273483753204,51.335714757442474
390,36.18441045284271,50.414201617240906
391,36.184378266334534,50.414206087589264
392,35.49042105674744,50.794775784015656
393,34.82335889339447,51.483651995658875
394,34.82547354698181,52.05604434013367
395,35.14044106006622,52.033719420433044
396,34.13519525527954,52.1751344203949
397,33.62522256374359,51.151733100414276
398,33.314526200294495,50.676029920578
399,33.45269000530243,49.92532432079315
400,33.0408411026001,50.55411458015442
401,32.612091064453125,50.52171349525452
402,33.82666826248169,49.786001443862915
403,33.54699003696442,48.92197251319885
404,34.65962612628937,48.156796395778656
405,34.8846709728241,48.56684356927872
406,35.24985587596893,49.388761818408966
407,35.1454975605011,49.57715570926666
408,35.84979951381683,49.492791295051575
409,35.84979951381683,49.492791295051575
410,35.573092103004456,49.73473995923996
411,36.303272008895874,51.120100915431976
412,35.9470317363739,53.05172502994537
413,36.926406025886536,53.414735198020935
414,37.39573359489441,54.37830984592438
415,39.37266433238983,55.80446720123291
416,39.37266433238983,55.804458260536194
417,37.77609121799469,56.045834720134735
418,35.73466515541077,55.85052967071533
419,35.115477204322815,55.82328289747238
420,35.11548364162445,55.82327842712402
421,34.745354890823364,56.5020427107811
422,33.99716663360596,55.57268410921097
423,35.21868968009949,52.38992124795914
424,34.73890793323517,52.52639651298523
425,34.7388950586319,52.52639204263687
426,34.38134479522705,51.89831703901291
427,36.15795958042145,53.76951992511749
428,36.157946705818176,53.76952886581421
429,37.63403284549713,53.854648768901825
430,37.63402962684631,53.854648768901825
431,39.33220911026001,54.3596550822258
432,39.74050784111023,54.1744127869606
433,41.35818564891815,54.125408828258514
434,40.545862555503845,54.24772650003433
435,39.50873601436615,54.75141406059265
436,39.17700898647308,54.136472940444946
437,39.17700898647308,54.136472940444946
438,38.9724315404892,55.058857798576355
439,39.04485762119293,55.116234719753265
440,40.025368094444275,54.5649379491806
441,40.01259648799896,54.348233342170715
442,41.605072259902954,54.07409816980362
443,40.72761654853821,53.0307412147522
444,38.95835638046265,53.41443121433258
445,39.194077491760254,53.57983857393265
446,39.65201425552368,54.17583882808685
447,38.25606608390808,54.61733043193817
448,37.8851101398468,55.01450300216675
449,38.34691250324249,54.70360368490219
450,38.87709188461304,54.802295565605164
451,39.588980197906494,54.88380789756775
452,39.862494707107544,55.56635409593582
453,39.82113182544708,56.95817023515701
454,40.31899917125702,56.817010045051575
455,38.07769811153412,54.484646022319794
456,38.07773995399475,54.484641551971436
457,36.99444830417633,53.602784872055054
458,36.79601526260376,52.49637812376022
459,37.22767496109009,52.697592973709106
460,36.812501192092896,52.168044447898865
461,34.32125902175903,52.116698026657104
462,32.33288276195526,52.01333463191986
463,31.402283906936646,51.98555588722229
464,30.05670440196991,51.682260632514954
465,29.286059617996216,52.17990428209305
466,29.08758795261383,51.49166285991669
467,27.188445568084717,51.6080304980278
468,28.26028847694397,50.39356201887131
469,29.53232502937317,50.305281579494476
470,27.650643825531006,50.95001310110092
471,26.461035311222076,51.50202959775925
472,24.526616513729095,50.84809809923172
473,24.024930238723755,50.8085623383522
474,25.369033992290497,50.32031536102295
475,26.396491706371307,51.81139558553696
476,28.212456107139587,50.83288550376892
477,28.162451148033142,49.01099056005478
478,26.560317814350128,48.78142923116684
479,27.576775789260864,48.49609136581421
480,26.630062758922577,49.64970499277115
481,27.012362837791443,50.03211200237274
482,25.431186139583588,49.635015428066254
483,26.17070174217224,49.491092562675476
484,26.4845073223114,49.74420368671417
485,28.226849913597107,50.107187032699585
486,28.328858613967896,50.990912318229675
487,28.140934467315674,51.91720426082611
488,27.700359106063843,51.16083472967148
489,28.125452756881714,50.72113573551178
490,29.788597226142883,48.516833782196045
491,30.291804313659668,49.75157529115677
492,30.184748768806458,49.39473867416382
493,29.682146787643433,48.12772572040558
494,29.612005949020386,48.213037848472595
495,29.00443410873413,49.33693706989288
496,29.679542899131775,49.17398393154144
497,28.186475157737732,50.2022311091423
498,29.0989111661911,50.86222440004349
499,29.64087724685669,50.31798630952835
500,29.640915870666504,50.318022072315216
501,29.767161011695862,51.628558337688446
502,27.66675639152527,51.567551493644714
503,28.402517437934875,49.4512215256691
504,28.27174687385559,49.708472192287445
505,27.854130148887634,49.838536977767944
506,30.949229836463928,49.19334501028061
507,30.949207305908203,49.19336289167404
508,30.676925539970398,50.24382770061493
509,30.406140446662903,52.70092785358429
510,30.546528339385986,54.45401519536972
511,31.011732816696167,54.736022651195526
512,31.647583723068237,54.29842472076416
513,33.05425322055817,52.38128453493118
514,32.416271567344666,51.954178512096405
515,31.507244110107422,51.162515580654144
516,31.37086021900177,50.52700638771057
517,31.695660710334778,51.557059586048126
518,31.09436523914337,52.30042040348053
519,30.443969249725342,53.358909487724304
520,30.723055243492126,52.58907526731491
521,30.43071162700653,50.60654729604721
522,30.6878399848938,48.98855835199356
523,30.50275468826294,48.9626482129097
524,29.87837827205658,48.84815365076065
525,30.515056371688843,49.34991002082825
526,31.430682063102722,49.626168608665466
527,29.673237562179565,50.413987040519714
528,27.99909496307373,51.144978404045105
529,26.844416856765747,50.51288455724716
530,27.478204607963562,50.25522708892822
531,26.796026051044464,49.02285933494568
532,26.79603409767151,49.02286380529404
533,26.954259753227234,48.10919612646103
534,23.9678635597229,45.62770575284958
535,23.96744191646576,45.62763422727585
536,23.967023491859436,45.62755823135376
537,24.378315567970276,44.643934071063995
538,24.378320395946503,44.643934071063995
539,23.690816581249237,44.9014887213707
540,23.690610587596893,44.901470839977264
541,23.415338695049286,45.6767812371254
542,20.07998925447464,44.25472319126129
543,20.549435913562775,43.38283985853195
544,21.915223717689514,41.59609079360962
545,22.70704883337021,40.93681275844574
546,22.569990634918213,41.87759757041931
547,21.165284514427185,43.577179312705994
548,21.165300607681274,43.5771569609642
549,21.023255109786987,43.21382939815521
550,21.78849095106125,43.52510869503021
551,18.489756882190704,45.0578436255455
552,18.48979389667511,45.05777209997177
553,17.375865519046783,44.485898315906525
554,18.18994116783142,44.37780976295471
555,18.58233493566513,45.32023072242737
556,17.254277765750885,46.130526065826416
557,19.05264902114868,47.863854467868805
558,19.05263775587082,47.86388576030731
559,17.786079347133636,47.53849357366562
560,17.995293259620667,46.42737954854965
561,17.233985781669617,47.98268526792526
562,17.1551513671875,48.30557405948639
563,17.278132796287537,48.86981248855591
564,18.78339922428131,48.09829741716385
565,18.601601779460907,48.72837960720062
566,18.761324107646942,49.09805506467819
567,17.509695410728455,47.98409342765808
568,17.362947463989258,48.929429054260254
569,16.573006868362427,48.85143041610718
570,16.623418986797333,48.61171245574951
571,16.053148090839386,47.47992753982544
572,15.948963582515717,46.20800167322159
573,16.270859241485596,45.73698788881302
574,18.26896870136261,45.51602303981781
575,18.71612137556076,45.48037648200989
576,20.622161328792572,45.597852766513824
577,21.286835253238678,46.43385261297226
578,21.216868221759796,45.05082070827484
579,22.7047780752182,44.02356147766113
580,22.70477646589279,44.02356594800949
581,22.164395570755005,42.91107505559921
582,22.164395570755005,42.91107505559921
583,21.213577151298523,41.78272783756256
584,19.826074719429016,41.49600863456726
585,18.49322497844696,41.04371219873428
586,20.78599387407303,41.499339044094086
587,19.855366051197052,39.50352072715759
588,20.25973480939865,39.93413597345352
589,21.140924155712128,40.34791588783264
590,26.051759719848633,38.861699402332306
591,26.051758110523224,38.861699402332306
592,26.051756501197815,38.861699402332306
593,27.334816932678223,37.138476222753525
594,28.616673588752747,36.98006495833397
595,28.61666715145111,36.98006048798561
596,29.441411018371582,40.867070853710175
597,29.441407799720764,40.86707979440689
598,29.441407799720764,40.86707979440689
599,31.15813636779785,40.7064288854599
600,33.42785167694092,40.229277312755585
601,34.41235971450806,39.32747840881348
602,33.110679388046265,40.315429866313934
603,34.26387369632721,39.70859348773956
604,36.093831181526184,39.41895067691803
605,37.58423388004303,39.07329887151718
606,36.47372531890869,39.71821814775467
607,35.18940317630768,40.648260712623596
608,35.18941605091095,40.648265182971954
609,37.026219606399536,40.57963192462921
610,37.897653222084045,39.97770398855209
611,37.4506276845932,39.79889899492264
612,38.419631481170654,40.38920849561691
613,39.14309084415436,41.23108237981796
614,36.586838364601135,40.9457266330719
615,36.58685767650604,40.945735573768616
616,35.20644915103912,39.20223265886307
617,34.72209692001343,39.116330444812775
618,34.429656744003296,39.94102030992508
619,34.39695203304291,39.8400217294693
620,32.87884962558746,38.99819254875183
621,32.878875374794006,38.99819254875183
622,32.539703607559204,40.65802842378616
623,32.30193221569061,41.89038276672363
624,31.732414484024048,43.16059201955795
625,31.384507298469543,43.480101227760315
626,31.657593727111816,44.96718943119049
627,31.453463673591614,45.6510990858078
628,31.9600567817688,45.20372003316879
629,34.42954409122467,45.52205353975296
630,36.717299938201904,45.58180421590805
631,37.888219356536865,45.92072367668152
632,37.88819360733032,45.920732617378235
633,38.095893144607544,45.140402019023895
634,39.14320349693298,43.300795555114746
635,39.143216371536255,43.300822377204895
636,39.95471227169037,42.640918493270874
637,41.754745960235596,40.29982388019562
638,42.85040366649628,41.35664105415344
639,42.85038757324219,41.356636583805084
640,45.728920340538025,40.22262096405029
641,45.72887849807739,40.22260755300522
642,49.1451770067215,40.38717448711395
643,49.14521884918213,40.387214720249176
644,49.14519953727722,40.387170016765594
645,48.741793155670166,39.06283378601074
646,48.74180281162262,39.06283378601074
647,50.85964286327362,35.842178016901016
648,50.85964608192444,35.84217354655266
649,50.515533685684204,35.778164863586426
650,51.214824199676514,37.132859230041504
651,50.142385840415955,39.106424152851105
652,50.142401933670044,39.10641968250275
653,51.33715546131134,39.49951082468033
654,50.68255913257599,39.446523785591125
655,51.37868893146515,41.451939940452576
656,50.268144965171814,41.647736728191376
657,50.12480556964874,42.10675209760666
658,49.89395749568939,40.63299000263214
659,50.56537127494812,39.32557851076126
660,50.758551478385925,39.37131464481354
661,52.436572551727295,38.979966938495636
662,52.43656933307648,38.979966938495636
663,51.597190260887146,39.021871984004974
664,51.22412610054016,39.60567265748978
665,53.765061020851135,38.76271694898605
666,53.765015959739685,38.76272588968277
667,54.14218068122864,37.62228637933731
668,54.14218068122864,37.62229084968567
669,53.975982427597046,37.700155377388
670,50.746925711631775,38.30494433641434
671,52.166959047317505,39.21564370393753
672,52.166959047317505,39.21564370393753
673,54.01099491119385,39.700908958911896
674,52.74292695522308,39.50432538986206
675,51.21126115322113,40.25558978319168
676,51.655505776405334,40.1641845703125
677,51.4286230802536,39.79518413543701
678,50.78799569606781,41.76154285669327
679,50.788002133369446,41.76154285669327
680,51.802488684654236,41.769517958164215
681,51.80258524417877,41.769540309906006
682,52.010677456855774,41.06225073337555
683,52.01593029499054,41.6923463344574
684,51.55740451812744,41.19109511375427
685,52.73469686508179,40.25152176618576
686,52.734683990478516,40.2515172958374
687,52.162726521492004,40.00152200460434
688,52.162726521492004,40.00152200460434
689,53.24054002761841,40.73413163423538
690,53.381510496139526,41.35926514863968
691,53.813652992248535,39.67030942440033
692,53.47839832305908,41.04042649269104
693,52.861244559288025,41.039375960826874
694,51.085843205451965,39.93791788816452
695,50.189268708229065,40.352506935596466
696,50.94854199886322,37.57663518190384
697,50.948535561561584,37.57663518190384
698,50.948596715927124,37.57662624120712
699,50.94860315322876,37.57661283016205
700,45.90117287635803,37.97861784696579
701,45.90114712715149,37.978559732437134
702,44.50345766544342,38.682326674461365
703,44.10940146446228,40.61901122331619
704,44.41816020011902,39.731504023075104
705,44.41816020011902,39.73150849342346
706,44.85850381851196,39.442701637744904
707,43.977118134498596,40.32706171274185
708,44.680235624313354,40.92569053173065
709,44.68023240566254,40.92569053173065
710,45.15183234214783,40.34101366996765
711,43.105446338653564,38.93398493528366
712,42.593629360198975,39.19392228126526
713,43.74088525772095,39.28125500679016
714,43.74088203907013,39.28125500679016
715,44.1467410326004,39.41208869218826
716,44.44903028011322,38.80735784769058
717,42.239593863487244,37.95405775308609
718,40.44916784763336,39.1114667057991
719,40.44916784763336,39.1114667057991
720,40.984703063964844,41.32830798625946
721,41.60597348213196,42.69982874393463
722,41.641127586364746,41.85267984867096
723,41.641159772872925,41.85270220041275
724,41.419549226760864,42.140042781829834
725,40.16272723674774,42.750875651836395
726,39.192790031433105,43.46246123313904
727,39.19278681278229,43.462443351745605
728,39.192806124687195,43.46264898777008
729,39.98787081241608,40.219858288764954
730,39.98782253265381,40.21977782249451
731,39.98782575130463,40.219782292842865
732,39.98779034614563,40.21971970796585
733,40.455057978630066,42.5342783331871
734,40.455012917518616,42.53418445587158
735,42.81594157218933,43.06546747684479
736,42.81587076187134,43.065449595451355
737,42.81586754322052,43.065449595451355
738,43.55328297615051,42.32058674097061
739,43.55328297615051,42.32059568166733
740,44.74942374229431,40.54161608219147
741,44.749420523643494,40.54165184497833
742,45.35487127304077,40.07376283407211
743,45.35487127304077,40.07376283407211
744,47.42060458660126,42.481715977191925
745,47.42060136795044,42.48170703649521
746,46.64157199859619,42.02110022306442
747,43.937750816345215,41.436535120010376
748,43.93780875205994,41.436758637428284
749,40.68409073352814,42.151620984077454
750,40.68409717082977,42.15161204338074
751,36.24346303939819,44.87698674201965
752,36.24347913265228,44.877004623413086
753,36.24347913265228,44.87699568271637
754,36.24347913265228,44.87699121236801
755,36.24348556995392,44.877031445503235
756,34.668686628341675,44.35444325208664
757,34.668686628341675,44.354447722435
758,36.550448298454285,45.482347905635834
759,33.306936621665955,44.58596259355545
760,34.020875215530396,44.82998102903366
761,34.020862340927124,44.83000785112381
762,34.06495141983032,43.85204762220383
763,35.23299014568329,43.24971288442612
764,35.232993364334106,43.24972629547119
765,34.90099275112152,43.6190664768219
766,34.900986313819885,43.61904412508011
767,35.01610457897186,43.24593544006348
768,34.41199600696564,41.26976430416107
769,35.36347424983978,42.21859127283096
770,35.36347424983978,42.21859127283096
771,33.9523823261261,40.807364881038666
772,32.45472478866577,42.09304600954056
773,35.1815721988678,42.18824654817581
774,35.18153357505798,42.188264429569244
775,37.52054965496063,40.80909490585327
776,37.52052068710327,40.8090814948082
777,36.25492465496063,40.454041957855225
778,35.43442618846893,41.22773855924606
779,33.85588717460632,40.70386737585068
780,33.85588717460632,40.70386737585068
781,34.178170680999756,39.59746062755585
782,34.234246015548706,40.287208557128906
783,33.58430063724518,41.354888677597046
784,33.584303855895996,41.35487526655197
785,35.07442331314087,42.14680641889572
786,35.07441687583923,42.146824300289154
787,36.25664985179901,40.82343578338623
788,36.40503287315369,41.17240011692047
789,36.405007123947144,41.172485053539276
790,35.873897552490234,42.38939881324768
791,34.805781841278076,41.98038876056671
792,34.80579149723053,41.98038876056671
793,34.80570459365845,41.98037087917328
794,34.69705903530121,41.849273443222046
795,36.68276059627533,40.84039628505707
796,37.543147802352905,40.30158072710037
797,37.54315102100372,40.30158966779709
798,38.00492441654205,40.04454016685486
799,40.06257247924805,39.995115995407104
800,39.048436760902405,40.35021811723709
801,41.434577107429504,39.58575278520584
802,40.060351610183716,40.89789390563965
803,41.540966391563416,38.86314332485199
804,43.43023073673248,38.35489600896835
805,43.43023073673248,38.354963064193726
806,43.43023073673248,38.354963064193726
807,43.430214643478394,38.354913890361786
808,43.430211424827576,38.35490494966507
809,48.03792893886566,37.63526827096939
810,48.03793215751648,37.63526827096939
811,48.19128155708313,36.30469590425491
812,50.18558657169342,35.0941501557827
813,52.254435539245605,34.47805345058441
814,52.25441300868988,34.47800427675247
815,53.35643720626831,34.78675112128258
816,54.37850046157837,35.33862233161926
817,54.378461837768555,35.33865362405777
818,54.378519773483276,35.33863127231598
819,58.27161955833435,36.3271102309227
820,60.37033438682556,34.432368725538254
821,60.37032151222229,34.43237766623497
822,60.77695298194885,34.358860552310944
823,61.04789900779724,33.52846875786781
824,61.04789900779724,33.52846875786781
825,61.444945335388184,36.49085909128189
826,62.85458564758301,36.77283525466919
827,62.8545663356781,36.77283078432083
828,63.66974115371704,38.21832239627838
829,63.66974759101868,38.21830898523331
830,63.66978621482849,38.21827322244644
831,62.95285105705261,37.39550784230232
832,62.95285749435425,37.395550310611725
833,62.55500650405884,40.052635967731476
834,62.554993629455566,40.052591264247894
835,63.474323987960815,39.25594836473465
836,63.474323987960815,39.25594836473465
837,63.47433686256409,39.25592601299286
838,62.34114646911621,40.22124409675598
839,62.341172218322754,40.22123962640762
840,63.171088457107544,39.5033597946167
841,63.17109489440918,39.503391087055206
842,63.171056270599365,39.503221213817596
843,62.294817209243774,40.15937000513077
844,61.995463371276855,39.33376371860504
845,62.38136029243469,38.407400250434875
846,63.19930958747864,37.56972849369049
847,63.19930958747864,37.56972849369049
848,63.55806040763855,36.46205887198448
849,62.332024812698364,37.281543016433716
850,61.74437642097473,35.681578516960144
851,61.76485347747803,36.03229522705078
852,61.76476979255676,36.032263934612274
853,63.46350932121277,34.59339961409569
854,63.46350932121277,34.59339961409569
855,63.49727940559387,32.88527727127075
856,62.81806039810181,34.23610255122185
857,62.591660499572754,33.25459286570549
858,61.53898787498474,32.57586658000946
859,61.53898787498474,32.57587105035782
860,61.57642078399658,31.965279579162598
861,61.576369285583496,31.96525275707245
862,61.61555314064026,32.38949552178383
863,61.61553382873535,32.38946869969368
864,61.05402088165283,28.55686917901039
865,58.27009391784668,30.764177441596985
866,58.270100355148315,30.764177441596985
867,58.270100355148315,30.764177441596985
868,59.273823738098145,29.725398123264313
869,59.813958406448364,29.256174713373184
870,59.813958406448364,29.256174713373184
871,59.332274436950684,28.98528501391411
872,60.1657440662384,29.228440672159195
873,60.16575050354004,29.228442907333374
874,60.32874298095703,29.334674030542374
875,62.04397487640381,26.298241317272186
876,62.043949127197266,26.29827708005905
877,65.37835550308228,26.929805427789688
878,65.21376657485962,25.49237161874771
879,61.62170076370239,24.4597926735878
880,61.62170076370239,24.4597926735878
881,60.16419267654419,24.865181744098663
882,60.16420555114746,24.865201860666275
883,60.164289236068726,24.865244328975677
884,60.16428279876709,24.86521527171135
885,63.19543433189392,24.023710191249847
886,64.59417629241943,20.208826661109924
887,64.59417629241943,20.208795368671417
888,64.98599553108215,20.42413428425789
889,64.98599553108215,20.42413428425789
890,64.98601484298706,20.424123108386993
891,64.29070901870728,18.31359677016735
892,64.29081201553345,18.31362582743168
893,62.126951694488525,18.105680868029594
894,62.12697100639343,18.105699867010117
895,61.68791484832764,20.173517614603043
896,63.63249492645264,19.15373057126999
897,65.10952734947205,22.106415778398514
898,65.15281820297241,23.16567823290825
899,65.15281176567078,23.16567152738571
900,65.15281820297241,23.16567599773407
901,65.19872260093689,22.94655740261078
902,66.46334338188171,22.911380231380463
903,63.990737199783325,27.67999917268753
904,63.31137657165527,28.331787139177322
905,63.31146025657654,28.331726789474487
906,64.40551829338074,26.968319714069366
907,63.671653032302856,24.420125037431717
908,62.95720911026001,23.378051072359085
909,62.95720911026001,23.378048837184906
910,66.61526370048523,24.136414378881454
911,67.8358211517334,23.01659882068634
912,67.83579540252686,23.01659658551216
913,67.83567953109741,23.01657423377037
914,67.83569240570068,23.01657646894455
915,66.92406749725342,23.69268089532852
916,66.92406749725342,23.69268089532852
917,66.92404818534851,23.69268089532852
918,69.57326817512512,19.900598376989365
919,67.65609169006348,21.83467671275139
920,67.65609812736511,21.834681183099747
921,66.517751455307,21.784986555576324
922,66.95060849189758,23.080100119113922
923,66.95060849189758,23.080097883939743
924,68.02807116508484,24.429338425397873
925,69.34816217422485,24.612043797969818
926,69.57998871803284,24.963359534740448
927,69.57997584342957,24.963359534740448
928,69.58006596565247,24.963388592004776
929,69.83683705329895,26.778285205364227
930,69.90257477760315,27.145978063344955
931,69.70541954040527,28.046134114265442
932,69.0958456993103,29.688341170549393
933,69.0958456993103,29.688341170549393
934,68.53379845619202,28.95033359527588
935,67.6499891281128,31.157583743333817
936,67.65000200271606,31.157590448856354
937,67.65000200271606,31.157594919204712
938,67.64996981620789,31.157565861940384
939,67.55021095275879,26.578009128570557
940,67.402095079422,26.64545550942421
941,67.402095079422,26.64545550942421
942,67.402095079422,26.645439863204956
943,67.402095079422,26.645435392856598
944,66.03592586517334,27.11365520954132
945,66.03592586517334,27.11365520954132
946,67.76433491706848,31.263821572065353
947,68.46034240722656,31.30275160074234
948,68.46034240722656,31.302747130393982
949,68.46031665802002,31.302718073129654
950,68.46032953262329,31.302733719348907
951,68.46032953262329,31.302738189697266
952,68.92807674407959,32.27587044239044
953,72.20126438140869,30.208933353424072
954,72.08666753768921,29.681582003831863
955,72.08666753768921,29.681579768657684
956,72.08666753768921,29.681579768657684
957,72.08666753768921,29.681584239006042
958,74.25289678573608,28.292106091976166
959,74.25285816192627,28.292054682970047
960,74.51580262184143,28.79272922873497
961,74.51580262184143,28.79273146390915
962,76.57008075714111,30.805568397045135
963,76.57007431983948,30.805563926696777
964,76.57007431983948,30.805563926696777
965,76.42207431793213,29.92132008075714
966,76.42207431793213,29.921317845582962
967,77.50297451019287,30.065332353115082
968,77.39746713638306,27.156780660152435
969,77.3974928855896,27.156758308410645
970,77.48283863067627,26.380953937768936
971,77.48285150527954,26.380958408117294
972,75.8035204410553,25.676777958869934
973,75.31490993499756,28.27572003006935
974,75.31494855880737,28.275690972805023
975,75.78218078613281,26.61508172750473
976,75.78217434883118,26.61508396267891
977,75.7822322845459,26.61506161093712
978,72.95680403709412,29.231221228837967
979,73.44143629074097,24.990619719028473
980,73.75921368598938,24.411731958389282
981,74.51589918136597,24.317454546689987
982,74.72634100914001,24.759183079004288
983,74.72634100914001,24.759185314178467
984,73.74639058113098,23.001135885715485
985,72.15438795089722,22.86970540881157
986,72.15441370010376,22.869736701250076
987,71.59535336494446,22.92782887816429
988,71.70967984199524,22.488737851381302
989,71.70971846580505,22.488757967948914
990,72.0289249420166,22.918061167001724
991,70.64204692840576,25.35000890493393
992,71.58090162277222,28.586087375879288
993,71.58091449737549,28.586076200008392
994,69.96121215820312,28.81217747926712
995,68.39298892021179,28.84686291217804
996,68.39299535751343,28.846853971481323
997,68.05818486213684,28.299321234226227
998,68.6090440750122,29.405727982521057
999,69.56473231315613,27.746006101369858
1000,68.50971007347107,26.634015887975693
1001,68.14561629295349,25.682225078344345
1002,68.14562273025513,25.682231783866882
1003,69.27609014511108,25.781553983688354
1004,71.56278705596924,24.41224381327629
1005,70.95670223236084,23.711608350276947
1006,70.16565442085266,21.861695498228073
1007,69.77043628692627,20.77558860182762
1008,70.86038088798523,20.436470210552216
1009,70.86038088798523,20.436470210552216
1010,70.5923638343811,20.47303095459938
1011,69.99059844017029,23.897715657949448
1012,69.08143901824951,25.883804261684418
1013,69.0814197063446,25.883815437555313
1014,61.3636679649353,25.747619569301605
1015,61.36359715461731,25.74765756726265
1016,61.36364221572876,25.7476307451725
1017,58.9385883808136,25.145839154720306
1018,58.80771803855896,24.875716120004654
1019,58.053433656692505,26.033547520637512
1020,57.60209512710571,25.386299192905426
1021,57.60209512710571,25.386299192905426
1022,58.52483081817627,24.31439235806465
1023,57.29942607879639,23.763229697942734
1024,58.138779401779175,23.693664371967316
1025,61.771934509277344,18.330978602170944
1026,63.574636459350586,18.65505427122116
1027,65.16735363006592,16.731084510684013
1028,63.80901217460632,18.01219694316387
1029,63.49021768569946,19.88024041056633
1030,63.419819355010986,19.64937373995781
1031,63.419819355010986,19.64937597513199
1032,62.42624115943909,17.582397535443306
1033,63.89283871650696,16.74250178039074
1034,63.89283227920532,16.74250178039074
1035,62.778619050979614,15.579834580421448
1036,59.05827069282532,14.805618301033974
1037,58.74714946746826,14.745286479592323
1038,58.74716234207153,14.744680747389793
1039,57.36479687690735,16.085605323314667
1040,57.3648419380188,16.085590794682503
1041,58.263901233673096,16.74024984240532
1042,60.842034101486206,15.284904465079308
1043,60.84202766418457,15.284410491585732
1044,63.74379587173462,14.85769897699356
1045,70.98703479766846,15.686768665909767
1046,71.09073328971863,15.25086723268032
1047,71.09081053733826,15.25033414363861
1048,71.09072685241699,15.250959992408752
1049,71.09068822860718,15.251215919852257
1050,71.09072685241699,15.250951051712036
1051,71.94798231124878,16.70028828084469
1052,71.13246631622314,16.990206018090248
1053,71.50576543807983,16.610387340188026
1054,70.58243107795715,17.626629397273064
1055,70.58243107795715,17.626629397273064
1056,68.39380645751953,23.601257801055908
1057,69.96048474311829,22.589441388845444
1058,71.00437045097351,22.52424582839012
1059,71.00437045097351,22.52424582839012
1060,70.84850406646729,22.337179630994797
1061,70.72265481948853,22.027601301670074
1062,70.7225775718689,22.027529776096344
1063,71.53163051605225,22.36449345946312
1064,71.21956944465637,21.525822579860687
1065,71.44359397888184,22.457782924175262
1066,71.4435875415802,22.457773983478546
1067,70.55937910079956,21.765703707933426
1068,71.60320043563843,20.91659903526306
1069,71.60320043563843,20.91659903526306
1070,70.20420098304749,23.826371133327484
1071,74.295241355896,24.763360619544983
1072,77.49533987045288,25.499361008405685
1073,77.49533343315125,25.499410182237625
1074,78.64153361320496,25.785233080387115
1075,78.64153361320496,25.785233080387115
1076,79.16038656234741,28.75932902097702
1077,79.16038012504578,28.759311139583588
1078,79.60749578475952,28.89571040868759
1079,80.39905858039856,28.344976902008057
1080,79.98166394233704,26.31017491221428
1081,79.4046049118042,26.6755610704422
1082,79.95117044448853,26.26788541674614
1083,80.21900081634521,26.321417838335037
1084,80.21900081634521,26.321422308683395
1085,80.21902656555176,26.32148712873459
1086,80.06357860565186,25.338513404130936
1087,79.01237368583679,23.282622545957565
1088,79.23112607002258,24.6634304523468
1089,78.71438455581665,26.614203304052353
1090,77.93216872215271,26.392532140016556
1091,77.93216872215271,26.392532140016556
1092,77.93207859992981,26.392552256584167
1093,77.4455087184906,24.341317266225815
1094,77.44552159309387,24.34132844209671
1095,77.57391357421875,24.588485062122345
1096,78.68490815162659,23.510223627090454
1097,78.68490815162659,23.510221391916275
1098,78.68490815162659,23.510223627090454
1099,78.2866644859314,25.372418761253357
1100,77.51040959358215,25.98637416958809
1101,77.51040959358215,25.98637193441391
1102,75.85227656364441,27.320297062397003
1103,74.28732347488403,27.989602088928223
1104,72.02947854995728,29.358456283807755
1105,72.02948498725891,29.358471930027008
1106,74.76470732688904,28.165387362241745
1107,74.04473376274109,26.494929939508438
1108,74.04473376274109,26.494932174682617
1109,74.65726232528687,26.686672121286392
1110,74.65726232528687,26.686672121286392
1111,74.65728163719177,26.686685532331467
1112,74.65728163719177,26.686685532331467
1113,77.41974020004272,26.109610497951508
1114,76.64946556091309,31.238678097724915
1115,76.64947199821472,31.23866692185402
1116,75.38747119903564,30.802729725837708
1117,75.38748407363892,30.80272749066353
1118,75.38747119903564,30.802729725837708
1119,75.38741326332092,30.80277442932129
1120,74.37890696525574,32.039013504981995
1121,72.48867702484131,31.681229174137115
1122,72.48867702484131,31.681229174137115
1123,74.37367987632751,29.81073036789894
1124,74.37353825569153,29.810817539691925
1125,74.49623322486877,26.959600299596786
1126,74.49624609947205,26.959624886512756
1127,73.62492513656616,24.507243186235428
1128,70.90940737724304,25.418680161237717
1129,70.90943956375122,25.418677926063538
1130,68.70014476776123,24.688053131103516
1131,68.70019626617432,24.68806430697441
1132,68.70019626617432,24.68806430697441
1133,68.7001576423645,24.688059836626053
1134,67.93917202949524,26.014962047338486
1135,69.68263792991638,22.494173794984818
1136,69.68257999420166,22.494176030158997
1137,69.73727130889893,23.94644021987915
1138,69.73726487159729,23.94644021987915
1139,69.73734855651855,23.946431279182434
1140,69.7373743057251,23.946431279182434
1141,69.5054383277893,24.760571122169495
1142,69.50545763969421,24.760595709085464
1143,69.80720615386963,25.08251667022705
1144,70.76177430152893,26.398368179798126
1145,72.13176083564758,25.396914035081863
1146,72.13175439834595,25.396905094385147
1147,75.93572330474854,23.387711495161057
1148,77.01875424385071,23.480095714330673
1149,77.48672676086426,21.017132699489594
1150,76.8912763595581,21.962325274944305
1151,76.11494421958923,20.1861709356308
1152,76.06668376922607,17.993686348199844
1153,77.37254190444946,17.98633821308613
1154,77.37249684333801,17.98635497689247
1155,77.86403632164001,18.75428706407547
1156,79.21579885482788,14.843647554516792
1157,80.25983262062073,14.355412870645523
1158,80.47744560241699,12.677952647209167
1159,81.71107721328735,13.154775649309158
1160,81.62707686424255,12.995729595422745
1161,80.71917271614075,12.729649990797043
1162,81.44465661048889,11.844876408576965
1163,82.54582786560059,11.018161475658417
1164,81.78587865829468,10.373767465353012
1165,81.65863251686096,10.23685410618782
1166,80.57166194915771,10.902687907218933
1167,80.57166838645935,10.902652144432068
1168,81.30523753166199,12.778748944401741
1169,81.30519890785217,12.778708711266518
1170,80.51275420188904,12.950023636221886
1171,81.3588924407959,14.741895720362663
1172,80.56555938720703,18.195373937487602
1173,80.56555938720703,18.195420876145363
1174,79.12445998191833,18.897027522325516
1175,79.12445998191833,18.89696717262268
1176,79.22124481201172,18.156923353672028
1177,80.10469365119934,14.207130298018456
1178,79.97460222244263,13.393918052315712
1179,79.6697895526886,15.88405855000019
1180,79.6697895526886,15.88403508067131
1181,78.29667448997498,16.509880498051643
1182,78.36993098258972,15.491868183016777
1183,78.36993098258972,15.491867065429688
1184,77.43929028511047,14.367162063717842
1185,77.24460053443909,13.355184718966484
1186,78.05344104766846,13.663852214813232
1187,78.05255913734436,13.660997897386551
1188,77.65730237960815,15.048710256814957
1189,74.85121178627014,14.521140977740288
1190,75.12808656692505,14.901817962527275
1191,75.12712740898132,14.897505193948746
1192,75.12613606452942,14.893296360969543
1193,76.81718945503235,15.141790732741356
1194,76.81628823280334,15.137333795428276
1195,77.68419742584229,14.032528549432755
1196,78.5304000377655,14.592178165912628
1197,79.0586450099945,16.159363836050034
1198,79.05768585205078,16.154464334249496
1199,75.01182246208191,17.036088556051254
1200,75.0110821723938,17.031144350767136
1201,75.72250056266785,17.55460761487484
1202,76.96642541885376,18.76808926463127
1203,74.644535779953,14.646373316645622
1204,74.84188413619995,15.10586254298687
1205,74.84122109413147,15.101197734475136
1206,75.72987771034241,16.22321829199791
1207,75.72920823097229,16.218632832169533
1208,76.75595784187317,17.52459928393364
1209,75.61763048171997,17.651088908314705
1210,75.95879459381104,16.326740384101868
1211,75.16657519340515,16.98947064578533
1212,75.16607308387756,16.984839364886284
1213,75.16552591323853,16.980205848813057
1214,74.67098021507263,18.491005897521973
1215,74.9909656047821,20.069606602191925
1216,74.38957357406616,19.707515090703964
1217,76.95413017272949,19.79004442691803
1218,76.44045281410217,19.97683346271515
1219,76.81549000740051,21.49035930633545
1220,76.81581830978394,21.486032009124756
1221,76.96092796325684,19.44407969713211
1222,77.78313875198364,17.98671819269657
1223,79.61059856414795,19.587481766939163
1224,80.98401618003845,18.893107026815414
1225,80.38135600090027,19.19260248541832
1226,80.38167786598206,19.18792873620987
1227,82.15281128883362,18.97037923336029
1228,82.15331983566284,18.965857475996017
1229,82.82500076293945,16.63786768913269
1230,81.79151773452759,18.072735518217087
1231,80.90396189689636,18.265629932284355
1232,79.4261827468872,16.719109565019608
1233,79.42701959609985,16.71447493135929
1234,79.42783713340759,16.70980118215084
1235,77.21894145011902,19.19184923171997
1236,77.77959179878235,16.89256802201271
1237,78.3004789352417,16.319743171334267
1238,78.30107116699219,16.31511077284813
1239,74.61608934402466,19.618020951747894
1240,74.61651420593262,19.613702595233917
1241,74.3613395690918,19.7491317987442
1242,75.81035041809082,20.974458754062653
1243,75.96274709701538,20.19699141383171
1244,76.12685966491699,19.805093854665756
1245,76.12722659111023,19.801077246665955
1246,77.44648718833923,20.46487256884575
1247,77.44699573516846,20.460665971040726
1248,78.1583046913147,22.091319411993027
1249,78.1592059135437,22.08736762404442
1250,79.18638682365417,21.66481912136078
1251,78.68665266036987,21.072866767644882
1252,77.27312421798706,19.48026940226555
1253,77.27425718307495,19.476158916950226
1254,79.3841986656189,19.198912382125854
1255,79.38505482673645,19.194837659597397
1256,78.81807017326355,18.794377148151398
1257,78.81859159469604,18.79035159945488
1258,79.49025964736938,18.552231788635254
1259,78.74005007743835,18.104616925120354
1260,79.1920645236969,17.694878205657005
1261,80.18046712875366,20.44360712170601
1262,80.18075037002563,20.439845323562622
1263,79.51714181900024,21.39090746641159
1264,79.517817735672,21.38725072145462
1265,79.69200468063354,22.871632128953934
1266,82.35372591018677,20.712822675704956
1267,82.35499405860901,20.70925310254097
1268,82.35626220703125,20.705725997686386
1269,80.97685146331787,21.367060393095016
1270,79.32722854614258,20.68093568086624
1271,79.32922410964966,20.67757621407509
1272,77.06992435455322,21.03074938058853
1273,78.10898852348328,25.803592801094055
1274,78.11026310920715,25.800425559282303
1275,78.11154413223267,25.797265022993088
1276,77.59273624420166,23.234476894140244
1277,77.59397864341736,23.231352120637894
1278,77.59518241882324,23.22819158434868
1279,77.59643125534058,23.224948346614838
1280,78.05073738098145,22.509028762578964
1281,74.68232917785645,22.34574928879738
1282,74.68317246437073,22.342774271965027
1283,74.68401575088501,22.339801490306854
1284,74.33298969268799,21.010905504226685
1285,72.99744915962219,19.98872235417366
1286,72.99785470962524,19.985689222812653
1287,73.98007106781006,21.894261986017227
1288,72.55104160308838,23.109034448862076
1289,72.5514407157898,23.10621589422226
1290,72.67916965484619,24.475034326314926
1291,73.01655507087708,23.31320196390152
1292,73.22958469390869,24.081502854824066
1293,73.23028635978699,24.078910052776337
1294,72.798832654953,27.537846565246582
1295,72.65710258483887,28.147394210100174
1296,76.91083288192749,26.930002123117447
1297,76.91160535812378,26.927270740270615
1298,78.05754804611206,27.71623805165291
1299,77.45623970031738,28.207511454820633
1300,77.45724391937256,28.204675018787384
1301,77.45827388763428,28.20187211036682
1302,76.12501859664917,32.39787071943283
1303,76.51372218132019,30.449113994836807
1304,76.51387023925781,30.446530133485794
1305,76.79837322235107,30.475743860006332
1306,76.79863715171814,30.473291873931885
1307,76.79886889457703,30.47086000442505
1308,76.79911351203918,30.46845942735672
1309,76.38749313354492,31.474068760871887
1310,75.32425689697266,35.23260802030563
1311,75.32457876205444,35.23027449846268
1312,75.32486844062805,35.22799462080002
1313,76.29632806777954,33.72553735971451
1314,76.29654693603516,33.72325971722603
1315,75.46801471710205,34.12845432758331
1316,75.46827220916748,34.12621021270752
1317,75.40868854522705,33.48376750946045
1318,76.89811277389526,33.04733857512474
1319,78.25472903251648,31.910669803619385
1320,79.34995222091675,32.531654834747314
1321,78.02094554901123,34.6301794052124
1322,78.02141547203064,34.62798893451691
1323,78.02182102203369,34.625789523124695
1324,76.5523910522461,36.61568909883499
1325,77.12440967559814,33.08987617492676
1326,79.05906343460083,35.39674133062363
1327,78.7377519607544,34.73678156733513
1328,78.73809957504272,34.734662622213364
1329,77.44762659072876,34.09505411982536
1330,76.01047325134277,33.02772045135498
1331,75.69359707832336,32.38167241215706
1332,75.69411849975586,32.37980604171753
1333,77.5443856716156,34.08895879983902
1334,77.3408317565918,33.314571529626846
1335,77.34131455421448,33.312711864709854
1336,78.2181715965271,33.55346471071243
1337,78.2186930179596,33.55163633823395
1338,77.74705123901367,29.83291894197464
1339,77.74763059616089,29.831144213676453
1340,76.08963918685913,31.30408376455307
1341,74.96869897842407,31.825612485408783
1342,74.96938133239746,31.823842227458954
1343,74.82470941543579,31.25131130218506
1344,72.792311668396,31.04601502418518
1345,74.52313470840454,31.443844735622406
1346,74.52384924888611,31.442121416330338
1347,74.52460241317749,31.440413743257523
1348,73.26262092590332,31.245093047618866
1349,71.19251346588135,32.3798842728138
1350,70.93036079406738,33.30460041761398
1351,70.93107533454895,33.30299109220505
1352,71.2160997390747,33.31545889377594
1353,71.8385546207428,32.61347562074661
1354,70.52173376083374,30.962596088647842
1355,70.52258348464966,30.961020290851593
1356,72.00226163864136,30.23676574230194
1357,71.31726837158203,32.275235652923584
1358,70.66380500793457,29.091209918260574
1359,70.66472554206848,29.08969223499298
1360,71.75111675262451,27.639298886060715
1361,71.75202441215515,27.637848258018494
1362,71.75295782089233,27.636393159627914
1363,71.75392985343933,27.634906768798828
1364,71.85991358757019,27.877365052700043
1365,71.86091136932373,27.8759703040123
1366,70.53852224349976,28.09210494160652
1367,70.5395393371582,28.090757131576538
1368,71.36691284179688,29.350414127111435
1369,71.42347741127014,28.252731263637543
1370,71.42447519302368,28.251376748085022
1371,74.71270036697388,29.064830392599106
1372,74.71375608444214,29.06353622674942
1373,70.09272623062134,27.69397348165512
1374,70.0937819480896,27.692730724811554
1375,70.42925548553467,26.96991115808487
1376,70.4304141998291,26.968824863433838
1377,70.43161153793335,26.96766033768654
1378,73.72018432617188,27.52452939748764
1379,73.7214846611023,27.523360401391983
1380,75.13351321220398,26.985016465187073
1381,75.1348135471344,26.983840763568878
1382,73.69195032119751,29.30627390742302
1383,73.69330859184265,29.30510938167572
1384,73.69467973709106,29.30395156145096
1385,73.6960380077362,29.302813857793808
1386,77.00389051437378,30.598077178001404
1387,81.94587135314941,29.99757081270218
1388,81.94730043411255,29.996511340141296
1389,81.8392825126648,27.872085571289062
1390,81.84078884124756,27.871066331863403
1391,81.84228229522705,27.87003144621849
1392,81.98569250106812,27.315643429756165
1393,83.17944502830505,26.826395094394684
1394,83.18091917037964,26.825496554374695
1395,83.76067543029785,20.911142975091934
1396,84.98094320297241,22.03325182199478
1397,84.98279070854187,22.03241139650345
1398,84.98463821411133,22.031595557928085
1399,84.98649859428406,22.0307819545269
1400,84.98835897445679,22.029997408390045
1401,84.6373393535614,24.096469581127167
1402,85.54500532150269,26.90565437078476
1403,87.03011655807495,23.83791357278824
1404,87.03209280967712,23.83715584874153
1405,87.0340690612793,23.836422711610794
1406,87.0360517501831,23.835687339305878
1407,87.03804731369019,23.83498325943947
1408,86.44550657272339,23.780900985002518
1409,86.44752788543701,23.78024160861969
1410,86.81672644615173,24.499914050102234
1411,85.64867806434631,26.104959100484848
1412,83.78444194793701,26.006872951984406
1413,84.52469944953918,23.344121128320694
1414,83.81489682197571,25.664936006069183
1415,83.8171112537384,25.66443532705307
1416,84.23836827278137,27.295079827308655
1417,84.24053764343262,27.294601500034332
1418,88.31079840660095,27.733073383569717
1419,89.84764623641968,27.440254390239716
1420,92.39193820953369,25.33639669418335
1421,93.38516235351562,24.708766490221024
1422,93.82288599014282,24.958549439907074
1423,93.87236309051514,23.651477694511414
1424,93.87558174133301,23.650704324245453
1425,93.42768716812134,25.88472068309784
1426,95.0884530544281,25.45967772603035
1427,91.80797839164734,25.29795616865158
1428,91.58292388916016,26.10878348350525
1429,92.06761407852173,23.39387610554695
1430,93.17651653289795,25.20052269101143
1431,93.17986392974854,25.20010694861412
1432,93.47574162483215,24.805399775505066
1433,93.47903108596802,24.805091321468353
1434,92.8650541305542,24.590986222028732
1435,92.45016360282898,25.124278664588928
1436,93.45124769210815,25.647389888763428
1437,93.45451140403748,25.64709261059761
1438,94.34519577026367,22.120168805122375
1439,93.96898698806763,21.120639145374298
1440,92.40243101119995,21.834799647331238
1441,92.4060230255127,21.833932399749756
1442,90.28557586669922,18.877677619457245
1443,92.80792951583862,17.788859456777573
1444,92.8117983341217,17.786753922700882
1445,92.81562209129333,17.784728854894638
1446,92.40582990646362,19.4512277841568
1447,93.40269756317139,19.305487722158432
1448,92.51953840255737,17.877575755119324
1449,92.52312397956848,17.875666916370392
1450,93.37247443199158,17.24322885274887
1451,93.37585401535034,17.24095791578293
1452,96.88562536239624,15.920151025056839
1453,96.13481068611145,16.0188015550375
1454,96.2599196434021,17.044084891676903
1455,95.47653222084045,17.14782826602459
1456,95.48056840896606,17.145973071455956
1457,95.4845917224884,17.144208401441574
1458,96.01174879074097,20.53930163383484
1459,93.1532199382782,20.39524018764496
1460,93.15667676925659,20.394444465637207
1461,92.55724167823792,22.566839307546616
1462,91.39613270759583,22.12672457098961
1463,90.69896006584167,23.133020102977753
1464,91.87853121757507,23.463048040866852
1465,90.57495188713074,21.93497121334076
1466,89.154052734375,21.112263947725296
1467,89.15757393836975,21.111392229795456
1468,89.16106939315796,21.110589802265167
1469,91.40226101875305,19.93798390030861
1470,91.81279993057251,21.04131728410721
1471,88.38722848892212,22.044159471988678
1472,88.39024758338928,22.04381301999092
1473,88.39330530166626,22.04350456595421
1474,89.77162170410156,24.56321194767952
1475,92.81029200553894,24.922118335962296
1476,92.81335616111755,24.921785295009613
1477,93.33622598648071,25.26356130838394
1478,93.33965063095093,25.26324614882469
1479,94.16089582443237,22.645094990730286
1480,94.16434621810913,22.645065933465958
1481,91.83033514022827,18.96110326051712
1482,92.88016891479492,18.7596894800663
1483,92.88381242752075,18.75981017947197
1484,91.3367292881012,18.988345563411713
1485,91.34027624130249,18.98852214217186
1486,94.37861824035645,21.798205375671387
1487,94.38224244117737,21.798674762248993
1488,94.92022061347961,22.242991626262665
1489,95.36421418190002,21.182236075401306
1490,94.54506754875183,19.738948345184326
1491,95.19068384170532,23.52268025279045
1492,93.88138818740845,22.6210355758667
1493,93.88450384140015,22.621965408325195
1494,96.32633328437805,21.460814774036407
1495,97.94169044494629,19.879598915576935
1496,97.94468379020691,19.88072320818901
1497,98.0133376121521,21.070651710033417
1498,98.0163631439209,21.07185870409012
1499,96.97317266464233,20.498934388160706
1500,95.30483651161194,20.680906623601913
1501,96.55841088294983,20.534668117761612
1502,96.56114673614502,20.53595781326294
1503,95.4571623802185,22.34686240553856
1504,95.4600076675415,22.348277270793915
1505,95.8459689617157,23.606684803962708
1506,93.72566986083984,18.017398193478584
1507,95.59058833122253,18.033280223608017
1508,94.94669723510742,16.72487072646618
1509,95.33342456817627,17.856720462441444
1510,95.33341813087463,17.856721580028534
1511,95.33346319198608,17.856721580028534
1512,92.84842014312744,17.484917119145393
1513,93.19510746002197,19.42399889230728
1514,92.1777241230011,17.88787432014942
1515,93.94524621963501,19.13183033466339
1516,94.22391700744629,18.34503896534443
1517,94.39339184761047,19.598235189914703
1518,94.39338541030884,19.598237425088882
1519,95.08126902580261,19.12929341197014
1520,97.99886012077332,19.404248893260956
1521,98.88174891471863,19.252583384513855
1522,97.29798603057861,20.853059738874435
1523,95.20029473304749,23.03280159831047
1524,91.62640142440796,21.886293590068817
1525,91.62640142440796,21.886293590068817
1526,91.39033269882202,22.30488806962967
1527,93.21094965934753,20.689807087183
1528,93.2109432220459,20.689818263053894
1529,93.2109432220459,20.689822733402252
1530,95.24379801750183,21.758244931697845
1531,96.30338430404663,23.265673220157623
1532,96.30334568023682,23.265662044286728
1533,95.32223010063171,24.366194754838943
1534,93.73997354507446,24.73393678665161
1535,94.07572388648987,26.152704656124115
1536,94.02681970596313,26.383573561906815
1537,93.90893340110779,25.989588350057602
1538,93.90880465507507,25.98952129483223
1539,93.21483135223389,25.054829567670822
1540,93.21483135223389,25.054831802845
1541,92.43927812576294,28.07856649160385
1542,92.64354014396667,28.735046088695526
1543,91.19182562828064,28.74663546681404
1544,91.31385111808777,27.777137607336044
1545,92.0352795124054,26.665330678224564
1546,92.03527307510376,26.665328443050385
1547,91.69145035743713,25.807953625917435
1548,91.50966095924377,25.809775292873383
1549,90.9608166217804,26.067428290843964
1550,93.29816222190857,27.701541781425476
1551,95.13731217384338,25.94486027956009
1552,95.60013484954834,24.74946677684784
1553,95.6001284122467,24.749460071325302
1554,96.60465002059937,27.576327323913574
1555,96.6047465801239,27.57636532187462
1556,97.75478339195251,28.183892369270325
1557,97.75477695465088,28.183892369270325
1558,100.4584629535675,30.469543486833572
1559,101.19908738136292,28.104016184806824
1560,101.19909381866455,28.104009479284286
1561,103.97951245307922,32.54830911755562
1562,103.00618600845337,34.30500850081444
1563,102.0317394733429,38.652196526527405
1564,102.0317394733429,38.652196526527405
1565,102.99782395362854,39.421918988227844
1566,101.96365213394165,36.907267570495605
1567,101.96365213394165,36.90727651119232
1568,101.96363925933838,36.907267570495605
1569,103.00027012825012,35.30379831790924
1570,103.14440131187439,38.86357694864273
1571,103.14442706108093,38.86357247829437
1572,103.14441418647766,38.86350095272064
1573,103.14440131187439,38.863496482372284
1574,103.8937611579895,37.98663765192032
1575,104.76985216140747,35.69021299481392
1576,103.84588694572449,34.75272282958031
1577,102.19843983650208,33.52799713611603
1578,102.19843983650208,33.5280105471611
1579,104.70575594902039,31.821486353874207
1580,104.70571732521057,31.821537762880325
1581,103.49704957008362,32.777633517980576
1582,102.881920337677,33.7758332490921
1583,104.5848183631897,30.559607595205307
1584,105.51284551620483,28.205376863479614
1585,105.51281976699829,28.2054103910923
1586,105.78562617301941,29.356473684310913
1587,105.78565192222595,29.356471449136734
1588,106.25997161865234,28.663334995508194
1589,106.87356877326965,29.322271049022675
1590,106.07902550697327,27.689004689455032
1591,104.99455904960632,29.382464289665222
1592,104.99456548690796,29.382464289665222
1593,105.37828660011292,29.59926277399063
1594,105.37828016281128,29.59926500916481
1595,103.88945460319519,28.875792771577835
1596,104.34309124946594,31.666557490825653
1597,104.34311699867249,31.666555255651474
1598,104.34321355819702,31.66654407978058
1599,104.34323287010193,31.66653737425804
1600,104.3432264328003,31.66653960943222
1601,104.82576656341553,30.215417593717575
1602,104.82575368881226,30.215422064065933
1603,111.0517315864563,30.14897257089615
1604,111.05170583724976,30.148932337760925
1605,111.05170583724976,30.148927867412567
1606,111.05166721343994,30.14892339706421
1607,111.05166721343994,30.148939043283463
1608,111.05166721343994,30.148945748806
1609,111.05166721343994,30.148945748806
1610,111.05169296264648,30.14896586537361
1611,107.32850575447083,33.45486894249916
1612,105.49388766288757,34.92782190442085
1613,105.1140546798706,36.04904115200043
1614,105.83963513374329,36.13097369670868
1615,105.0598075389862,36.602313816547394
1616,105.0598075389862,36.602313816547394
1617,103.77156829833984,36.28358915448189
1618,101.76128268241882,35.897885262966156
1619,101.76132774353027,35.8977735042572
1620,103.23817348480225,35.70047467947006
1621,102.46848464012146,35.261718928813934
1622,103.78950262069702,37.38389164209366
1623,103.78949618339539,37.383875995874405
1624,108.07001209259033,38.07859271764755
1625,109.84418392181396,35.624923557043076
1626,109.84411954879761,35.62489002943039
1627,109.84411954879761,35.62489002943039
1628,110.30921459197998,36.201488971710205
1629,109.32747459411621,36.969155073165894
1630,111.51900243759155,34.97793227434158
1631,110.69585180282593,38.94312232732773
1632,110.6958646774292,38.94307762384415
1633,108.02308416366577,37.457893788814545
1634,108.02317428588867,37.45792731642723
1635,108.40055465698242,38.31769824028015
1636,107.19574928283691,37.504738569259644
1637,108.24801635742188,36.830223351716995
1638,110.03360795974731,34.98573303222656
1639,111.72126245498657,34.699442982673645
1640,112.33046293258667,33.97935926914215
1641,112.85987949371338,35.15540286898613
1642,114.04275941848755,34.99532639980316
1643,114.04275941848755,34.99532416462898
1644,114.04272079467773,34.99529957771301
1645,113.29545307159424,37.3732253909111
1646,112.85050678253174,36.77334263920784
1647,112.85050678253174,36.77334487438202
1648,112.9025330543518,38.21635991334915
1649,111.7877082824707,38.84784132242203
1650,111.23944330215454,39.93081897497177
1651,111.25691413879395,39.70407396554947
1652,111.25691413879395,39.70407396554947
1653,109.38041496276855,40.67162275314331
1654,107.54902839660645,41.04195982217789
1655,106.25473165512085,41.137804090976715
1656,106.25473809242249,41.13779962062836
1657,102.62130618095398,45.80030143260956
1658,102.62130618095398,45.800305902957916
1659,104.15495467185974,45.34454941749573
1660,105.49174404144287,47.633157670497894
1661,105.49174404144287,47.633157670497894
1662,104.48143529891968,42.80753284692764
1663,105.07364773750305,44.253864884376526
1664,101.92285895347595,43.72497797012329
1665,100.36988568305969,44.73799020051956
1666,100.36993718147278,44.737985730171204
1667,96.517991065979,46.34551852941513
1668,96.51799750328064,46.34551852941513
1669,95.4860143661499,47.68676161766052
1670,95.48604655265808,47.68676608800888
1671,93.37648487091064,49.07956123352051
1672,94.1655821800232,48.730677366256714
1673,94.1655821800232,48.73066395521164
1674,92.82950735092163,46.266862750053406
1675,88.0376250743866,44.58242207765579
1676,90.66140484809875,45.511069893836975
1677,90.66141772270203,45.511069893836975
1678,89.52574253082275,41.7212650179863
1679,89.52583265304565,41.721269488334656
1680,89.27569842338562,40.641818940639496
1681,88.44214510917664,42.4068957567215
1682,89.88711333274841,43.21742355823517
1683,92.02546906471252,44.46934461593628
1684,92.02545619010925,44.46934461593628
1685,92.02543044090271,44.46926862001419
1686,93.25816082954407,44.98098939657211
1687,92.69339060783386,45.43566405773163
1688,92.69338417053223,45.43566405773163
1689,92.6837089061737,49.47381913661957
1690,92.6837797164917,49.47376996278763
1691,94.73232221603394,50.71280300617218
1692,93.66495323181152,51.57080143690109
1693,92.58449077606201,50.535379350185394
1694,92.14479732513428,49.45807456970215
1695,90.35756421089172,49.16193187236786
1696,88.34512853622437,46.45737558603287
1697,88.34512209892273,46.45738899707794
1698,87.8901207447052,46.675390005111694
1699,87.89019799232483,46.67540788650513
1700,87.81693506240845,44.89084482192993
1701,84.73331952095032,44.500087201595306
1702,84.73330664634705,44.500091671943665
1703,84.7332808971405,44.500091671943665
1704,85.88315677642822,43.70567947626114
1705,84.87078809738159,43.645915389060974
1706,84.87079453468323,43.64591985940933
1707,82.20371103286743,42.18031167984009
1708,82.52703094482422,39.91171717643738
1709,82.5270631313324,39.911726117134094
1710,83.83712482452393,41.30314439535141
1711,82.8566722869873,40.952543914318085
1712,83.13621211051941,41.917406022548676
1713,83.13623785972595,41.91737473011017
1714,85.19907116889954,39.9410605430603
1715,87.63072967529297,38.7751042842865
1716,88.18662929534912,40.45257568359375
1717,88.26016902923584,40.403781831264496
1718,88.26016902923584,40.403781831264496
1719,90.2248785495758,40.741315484046936
1720,87.360111951828,41.822755336761475
1721,84.76591801643372,43.25237721204758
1722,85.92163252830505,43.124695122241974
1723,85.92164540290833,43.12465935945511
1724,85.34144496917725,42.303407192230225
1725,85.34145140647888,42.303407192230225
1726,86.52004408836365,41.148291528224945
1727,86.52002477645874,41.14832282066345
1728,85.60568976402283,38.466547429561615
1729,84.53458714485168,46.17728590965271
1730,84.53458714485168,46.17728590965271
1731,84.53458714485168,46.17728590965271
1732,83.82692170143127,45.8223894238472
1733,83.82694745063782,45.82241624593735
1734,83.82687664031982,45.82241624593735
1735,81.09903144836426,49.475473165512085
1736,80.27293252944946,48.45602810382843
1737,80.27293252944946,48.45602810382843
1738,80.27290034294128,48.456041514873505
1739,77.79279470443726,47.944602370262146
1740,78.01907873153687,45.27176320552826
1741,77.75601196289062,45.631666481494904
1742,75.71013450622559,47.52042442560196
1743,75.71013450622559,47.52042442560196
1744,76.27167320251465,48.12431484460831
1745,73.57696723937988,47.98514395952225
1746,73.57697367668152,47.985126078128815
1747,72.61349630355835,47.24527895450592
1748,72.61349630355835,47.24528342485428
1749,71.01133561134338,47.303639352321625
1750,71.01136136054993,47.30364382266998
1751,71.62243509292603,48.04822504520416
1752,70.05571174621582,44.3442240357399
1753,70.05578899383545,44.34430003166199
1754,69.96885967254639,42.25149750709534
1755,73.61230158805847,40.215227007865906
1756,71.88670563697815,40.587012469768524
1757,74.19105362892151,37.747518718242645
1758,74.19096350669861,37.74745166301727
1759,74.19095706939697,37.74744272232056
1760,70.29026770591736,37.56261169910431
1761,70.91752481460571,35.66459342837334
1762,70.91752481460571,35.66458895802498
1763,71.61189079284668,38.40860724449158
1764,71.61189723014832,38.40858042240143
1765,69.83595514297485,38.97656053304672
1766,69.8359808921814,38.97656947374344
1767,69.8359808921814,38.97656947374344
1768,69.9034116268158,34.66867357492447
1769,69.90333437919617,34.668635576963425
1770,70.5877161026001,33.638305217027664
1771,70.58770966529846,33.638305217027664
1772,70.5138030052185,32.639430463314056
1773,71.49474477767944,30.99912330508232
1774,70.09512090682983,30.97623959183693
1775,68.8379738330841,32.9386442899704
1776,68.8380446434021,32.93866440653801
1777,70.35057234764099,30.228153616189957
1778,69.6778872013092,29.635287076234818
1779,69.6778872013092,29.6352781355381
1780,67.32892870903015,30.37593886256218
1781,68.03628516197205,28.935357928276062
1782,65.69060969352722,32.48063698410988
1783,65.69057750701904,32.48066604137421
1784,65.69056463241577,32.480670511722565
1785,64.99099731445312,30.6822270154953
1786,64.99100375175476,30.682235956192017
1787,64.35693597793579,32.24717751145363
1788,65.54709649085999,28.296031057834625
1789,65.5470643043518,28.296057879924774
1790,65.5470643043518,28.296057879924774
1791,65.54707074165344,28.296075761318207
1792,66.67926335334778,25.667542219161987
1793,66.67926335334778,25.66755786538124
1794,65.98109936714172,31.12291842699051
1795,65.98109936714172,31.122900545597076
1796,65.4325897693634,32.79278576374054
1797,65.43259620666504,32.79278129339218
1798,65.43259620666504,32.79278576374054
1799,65.43256402015686,32.79287740588188
1800,65.65722584724426,29.604803770780563
1801,65.6572322845459,29.604794830083847
1802,68.1032395362854,28.62498387694359
1803,68.59358167648315,27.918438613414764
1804,68.59356236457825,27.91844978928566
1805,68.59354948997498,27.918440848588943
1806,68.59361386299133,27.91840508580208
1807,68.24865818023682,27.509573847055435
1808,68.24865818023682,27.509573847055435
1809,68.0677056312561,26.97000280022621
1810,67.10996389389038,27.677924931049347
1811,67.29092931747437,26.54067501425743
1812,70.73551654815674,28.26860100030899
1813,70.73551654815674,28.26860100030899
1814,69.41912698745728,24.856940656900406
1815,69.67573070526123,22.893011569976807
1816,69.67571139335632,22.89302721619606
1817,70.00185084342957,22.93371856212616
1818,71.75163173675537,24.62674453854561
1819,71.84741878509521,24.815500527620316
1820,71.84741878509521,24.815502762794495
1821,70.92582893371582,26.235128939151764
1822,70.02003622055054,29.03188392519951
1823,70.01999759674072,29.031852632761
1824,73.29172396659851,27.60874181985855
1825,73.25365376472473,28.39830368757248
1826,72.10023736953735,29.383673518896103
1827,71.58677887916565,29.556836932897568
1828,71.47431921958923,26.85660347342491
1829,72.14688205718994,24.69753921031952
1830,72.14689493179321,24.697523564100266
1831,72.25181651115417,25.898534059524536
1832,69.24029231071472,31.219471246004105
1833,68.06688165664673,30.424189567565918
1834,68.50235223770142,31.81048482656479
1835,68.50235223770142,31.81047812104225
1836,71.16780066490173,31.252408772706985
1837,71.72183990478516,31.65028542280197
1838,73.98247218132019,29.645061492919922
1839,73.98247218132019,29.645061492919922
1840,73.96017336845398,30.79412207007408
1841,74.56887817382812,32.93001651763916
1842,73.48600816726685,34.02162864804268
1843,75.53258728981018,33.016810566186905
1844,76.53127026557922,33.575496822595596
1845,76.53125095367432,33.575523644685745
1846,77.20128393173218,37.20827400684357
1847,76.2886483669281,36.54530793428421
1848,76.2886483669281,36.54530793428421
1849,74.14762759208679,40.52675664424896
1850,73.48639440536499,40.30099958181381
1851,72.1897029876709,41.08123183250427
1852,72.1897222995758,41.08120501041412
1853,70.18972992897034,39.2546609044075
1854,69.56603908538818,40.12049585580826
1855,65.70712780952454,39.08573091030121
1856,65.56389784812927,37.39844933152199
1857,65.56401371955872,37.3981699347496
1858,68.05338263511658,38.08905333280563
1859,69.50509715080261,33.64897146821022
1860,72.78577136993408,32.935745269060135
1861,74.75397634506226,32.14865103363991
1862,74.75397634506226,32.14865103363991
1863,76.81945538520813,31.600557267665863
1864,76.81945538520813,31.600555032491684
1865,75.95809936523438,25.36679282784462
1866,75.39424967765808,25.350545346736908
1867,75.39425611495972,25.350581109523773
1868,75.39426255226135,25.350583344697952
1869,75.39426255226135,25.35054311156273
1870,75.39426255226135,25.35051628947258
1871,73.29751110076904,22.711855173110962
1872,75.53750538825989,23.96070510149002
1873,75.53749251365662,23.960696160793304
1874,78.08458471298218,22.466281056404114
1875,78.08458471298218,22.466281056404114
