0,66.49999165534973,67.99999177455902
1,66.49999165534973,67.99999177455902
2,66.69223380088806,68.2606953382492
3,67.07740259170532,68.47466468811035
4,66.41739535331726,67.77213275432587
5,66.3300154209137,68.058562874794
6,66.08914232254028,68.16917538642883
7,66.08911085128784,68.16917538642883
8,66.31760787963867,67.71421670913696
9,66.2673876285553,67.93806612491608
10,66.36701774597168,68.07213544845581
11,66.16534209251404,68.90155613422394
12,66.38600277900696,68.6749655008316
13,66.67811894416809,68.49626898765564
14,66.07838702201843,68.46402108669281
15,66.54210019111633,67.65065968036652
16,66.09065294265747,67.7943629026413
17,65.88931953907013,67.49173164367676
18,66.64843368530273,67.99112558364868
19,66.44639611244202,68.88475835323334
20,65.90570819377899,68.59415590763092
21,66.43281626701355,67.9272848367691
22,66.64793014526367,67.96312093734741
23,66.61711978912354,67.98218429088593
24,66.79833126068115,68.1187653541565
25,66.08433508872986,68.02788376808167
26,66.86931467056274,67.89271712303162
27,66.63258790969849,68.05151164531708
28,65.95288753509521,68.32779049873352
29,66.33228135108948,68.29373180866241
30,66.60467290878296,68.0943614244461
31,66.71516060829163,67.65176951885223
32,66.71516847610474,67.65173196792603
33,66.35908699035645,67.70487070083618
34,66.22306036949158,68.44582557678223
35,66.2394962310791,68.36895048618317
36,66.69345331192017,67.80208587646484
37,66.0708339214325,67.48206436634064
38,66.3604953289032,67.50380635261536
39,66.38609719276428,67.55245983600616
40,66.67243838310242,67.79699146747589
41,66.3332097530365,67.6410049200058
42,65.88009452819824,67.4404913187027
43,65.88011813163757,67.44047462940216
44,65.88011026382446,67.44047462940216
45,66.12101483345032,67.67454624176025
46,66.2122893333435,67.91216850280762
47,66.2122893333435,67.91219353675842
48,66.61345338821411,68.22167158126831
49,66.01118803024292,68.11490595340729
50,65.86945331096649,67.98609793186188
51,65.86945331096649,67.98609793186188
52,66.47667932510376,67.96221971511841
53,66.47669506072998,67.96221971511841
54,66.61468076705933,68.13268423080444
55,66.61468076705933,68.13268840312958
56,66.61468076705933,68.13269674777985
57,66.61468076705933,68.13269674777985
58,66.69586873054504,67.7068692445755
59,66.03858375549316,68.22149634361267
60,66.46018838882446,67.5146335363388
61,66.2585678100586,67.45638370513916
62,66.31154179573059,68.12045931816101
63,66.31154179573059,68.12041342258453
64,66.26903200149536,68.1116932630539
65,66.26903200149536,68.1116932630539
66,66.26903200149536,68.1116932630539
67,66.26903986930847,68.11172664165497
68,66.26903986930847,68.1117308139801
69,66.1734459400177,67.77275860309601
70,67.24700903892517,68.7082439661026
71,66.30004692077637,68.29931020736694
72,67.02198958396912,68.16947162151337
73,66.3007550239563,67.30814933776855
74,66.30076289176941,67.30814933776855
75,66.36886668205261,67.72306203842163
76,66.43715143203735,67.793328166008
77,66.43715143203735,67.79333651065826
78,65.85621571540833,67.79111683368683
79,66.18809580802917,68.09114038944244
80,66.14081811904907,68.02558898925781
81,66.33438205718994,67.72360026836395
82,66.60590028762817,68.16908359527588
83,65.59672737121582,68.60118210315704
84,66.26946473121643,68.22934865951538
85,66.32062125205994,68.32263350486755
86,66.44997596740723,68.0778431892395
87,65.84128654003143,68.12827408313751
88,66.54566431045532,68.61640274524689
89,65.71126699447632,68.4172660112381
90,66.9126033782959,67.76866972446442
91,66.75246977806091,68.42841446399689
92,66.25427198410034,68.02413284778595
93,66.25427198410034,68.02413284778595
94,66.56803250312805,68.09076488018036
95,66.7086067199707,67.74467468261719
96,66.46232056617737,67.81048476696014
97,66.9401171207428,68.04547846317291
98,66.94010925292969,68.04550349712372
99,66.63770985603333,67.79994130134583
100,66.17006278038025,67.95800149440765
101,66.38855195045471,67.92601644992828
102,65.82730150222778,68.23518574237823
103,65.82730150222778,68.23517739772797
104,66.92388582229614,67.98255145549774
105,66.37578248977661,68.31879496574402
106,66.3757746219635,68.31880331039429
107,66.40859913825989,68.03902387619019
108,66.13335943222046,67.9416960477829
109,65.8695752620697,68.25043559074402
110,66.71212363243103,68.13292622566223
111,67.01357102394104,68.37135374546051
112,66.78370499610901,67.39742457866669
113,66.51925992965698,67.61180281639099
114,66.86974740028381,67.90875971317291
115,66.53043222427368,68.07744681835175
116,66.54877209663391,68.49780857563019
117,66.37339854240417,68.60812485218048
118,66.37339854240417,68.60813319683075
119,66.34061336517334,68.05554211139679
120,66.34061336517334,68.05553376674652
121,65.65406012535095,67.82117426395416
122,66.6389057636261,67.89218723773956
123,66.47881937026978,68.26296091079712
124,66.47881150245667,68.26296091079712
125,66.47440552711487,67.93209969997406
126,67.26447558403015,68.21235060691833
127,67.03044748306274,67.85716891288757
128,66.4293622970581,68.24405610561371
129,66.429354429245,68.24405610561371
130,66.60613632202148,68.29847157001495
131,66.48964548110962,68.39940011501312
132,66.2630524635315,68.38147580623627
133,66.2630524635315,68.38147580623627
134,66.67293405532837,68.28925907611847
135,66.27424049377441,68.50946187973022
136,66.55100655555725,68.3507090806961
137,66.24563312530518,67.71403312683105
138,66.24563312530518,67.71403312683105
139,67.02652931213379,67.90943145751953
140,65.98210072517395,67.75940716266632
141,66.91879534721375,67.77815341949463
142,66.13180160522461,68.62496018409729
143,66.13180947303772,68.62496852874756
144,66.42250156402588,67.6853734254837
145,66.1218409538269,67.72622048854828
146,65.9373722076416,68.1190574169159
147,65.93179392814636,68.24011325836182
148,65.93179392814636,68.24011325836182
149,66.07971668243408,68.75401437282562
150,66.78396463394165,68.19940388202667
151,66.00983476638794,67.81069338321686
152,66.11715960502625,67.95580267906189
153,66.26953554153442,67.62372732162476
154,66.26953554153442,67.62368977069855
155,66.40885090827942,68.04698050022125
156,66.67815041542053,67.72472262382507
157,65.8715146780014,68.82563650608063
158,65.8715146780014,68.82563650608063
159,66.34691548347473,68.54262351989746
160,66.33699417114258,68.11332881450653
161,66.33699417114258,68.11325788497925
162,66.33699417114258,68.11322033405304
163,65.95096778869629,67.89564609527588
164,65.95096778869629,67.89562106132507
165,66.27409887313843,67.62944757938385
166,66.24723815917969,67.69148170948029
167,66.52876424789429,67.88340866565704
168,66.5287721157074,67.88341701030731
169,67.37346053123474,67.82386124134064
170,67.37346053123474,67.82386124134064
171,66.48041653633118,68.30935716629028
172,66.38477540016174,68.6078953742981
173,66.36871719360352,68.65521371364594
174,66.36871719360352,68.65521371364594
175,66.5117461681366,68.31269085407257
176,66.45695471763611,68.22614431381226
177,66.13796997070312,68.18769216537476
178,66.30309963226318,68.27942073345184
179,66.67352414131165,68.70332896709442
180,66.67352414131165,68.70332896709442
181,66.0844452381134,68.05466592311859
182,66.77848863601685,68.06344032287598
183,65.83132982254028,68.07903230190277
184,65.83132982254028,68.07903230190277
185,65.83132982254028,68.07903230190277
186,65.97384738922119,67.96039640903473
187,66.2639651298523,68.00524890422821
188,66.58876419067383,68.04285407066345
189,66.58876419067383,68.04285407066345
190,65.94507479667664,67.73481547832489
191,65.94505906105042,67.73481130599976
192,66.3170964717865,68.24946761131287
193,66.25451588630676,67.55872249603271
194,66.25450801849365,67.55869328975677
195,66.96906280517578,67.42556691169739
196,66.24372124671936,67.97144889831543
197,66.14838695526123,68.54303658008575
198,66.03447675704956,67.86276400089264
199,66.03446888923645,67.86279320716858
200,66.31826090812683,68.18368673324585
201,66.31826090812683,68.18367838859558
202,67.27178478240967,67.67006516456604
203,67.27178478240967,67.67006516456604
204,65.42974090576172,67.63719141483307
205,66.47029852867126,68.15818130970001
206,66.47029852867126,68.15814793109894
207,66.60630941390991,68.0913782119751
208,66.16696286201477,67.33222365379333
209,66.16694712638855,67.33222365379333
210,66.27009415626526,68.03858995437622
211,65.8926830291748,68.00773561000824
212,65.8926830291748,68.00772726535797
213,66.21284794807434,68.2771760225296
214,66.05501174926758,68.54864418506622
215,66.05501174926758,68.54865252971649
216,66.05501174926758,68.54866087436676
217,66.05501174926758,68.54866087436676
218,65.79526376724243,68.19421350955963
219,66.27440571784973,67.96916246414185
220,66.84919667243958,68.30251455307007
221,66.46801686286926,68.10099959373474
222,66.46800899505615,68.10096621513367
223,66.48868560791016,68.16134810447693
224,66.44520020484924,68.08663845062256
225,65.61634182929993,67.95599460601807
226,65.61633396148682,67.95599460601807
227,65.81449270248413,68.63506138324738
228,66.2625253200531,68.07263195514679
229,66.2625253200531,68.07260274887085
230,66.34730100631714,68.05200815200806
231,66.7668285369873,67.31716990470886
232,66.01409912109375,68.46721708774567
233,66.01119589805603,68.3489066362381
234,66.01119589805603,68.34891498088837
235,66.52004671096802,68.04566204547882
236,66.04420924186707,68.18076193332672
237,66.49590039253235,67.35103666782379
238,66.52805614471436,68.03957462310791
239,66.52805614471436,68.03957462310791
240,66.52805614471436,68.03957462310791
241,66.27397298812866,67.88195669651031
242,66.57708048820496,68.00173997879028
243,66.57708048820496,68.00173997879028
244,66.23247027397156,67.9531866312027
245,66.23246240615845,67.95317828655243
246,66.61536526679993,67.64149308204651
247,66.40277695655823,68.34898173809052
248,66.402761220932,68.34900677204132
249,66.61925983428955,68.35455179214478
250,66.61925983428955,68.35455179214478
251,66.61147856712341,67.79522657394409
252,66.40232849121094,67.51218438148499
253,66.44740319252014,67.8035044670105
254,66.44739532470703,67.80351281166077
255,66.40446853637695,67.83637404441833
256,66.40446853637695,67.83637821674347
257,66.31758427619934,68.83621335029602
258,66.01828479766846,68.20060551166534
259,66.01827692985535,68.20060133934021
260,66.88140749931335,68.40065598487854
261,66.88139176368713,68.40067267417908
262,66.29895329475403,68.1455934047699
263,66.8020920753479,67.88123488426208
264,65.90241944789886,68.24748158454895
265,65.90241944789886,68.24748158454895
266,65.9973052740097,67.9411244392395
267,66.2835795879364,68.27348351478577
268,66.28357172012329,68.27348351478577
269,66.3297164440155,68.47080111503601
270,66.3297164440155,68.47082614898682
271,66.3297164440155,68.47083449363708
272,66.3297164440155,68.47083449363708
273,66.14252543449402,68.53861391544342
274,66.14248609542847,68.53861808776855
275,66.9169385433197,68.56065213680267
276,66.40959048271179,67.87692070007324
277,66.40957474708557,67.8769999742508
278,65.69616866111755,68.00081789493561
279,66.54908680915833,67.80014991760254
280,66.54909467697144,67.80015408992767
281,66.82291030883789,67.93070197105408
282,66.30705714225769,67.71144211292267
283,66.230149269104,67.88873255252838
284,66.51766276359558,68.1589823961258
285,66.48452353477478,67.83295273780823
286,66.48452353477478,67.83295273780823
287,66.8204083442688,67.97525823116302
288,66.55739521980286,67.16366589069366
289,66.55737948417664,67.1636575460434
290,66.26734828948975,68.94822776317596
291,66.50144720077515,67.85763621330261
292,66.50144720077515,67.85768210887909
293,66.02626276016235,68.83512020111084
294,66.02626276016235,68.83509933948517
295,66.02626276016235,68.83510768413544
296,66.86369705200195,68.00050914287567
297,66.61613631248474,67.90801286697388
298,66.61613631248474,67.90799617767334
299,66.69360280036926,67.50536262989044
300,65.89487421512604,68.03707122802734
301,66.2694411277771,68.052659034729
302,66.2694411277771,68.05267989635468
303,66.71212363243103,68.17977726459503
304,66.71212363243103,68.17977726459503
305,66.40305233001709,68.1339818239212
306,65.64496493339539,68.21933090686798
307,65.64495706558228,68.21933090686798
308,65.90167987346649,67.8546279668808
309,66.48468089103699,68.90496075153351
310,66.48468089103699,68.90496075153351
311,66.71599459648132,68.72847139835358
312,66.62103796005249,67.46866703033447
313,66.62103796005249,67.46866703033447
314,66.47202944755554,67.96633780002594
315,66.47202157974243,67.96632945537567
316,65.54857635498047,67.68656253814697
317,66.36879587173462,67.75931537151337
318,66.28536558151245,67.22068905830383
319,66.70326447486877,68.77818465232849
320,66.70326447486877,68.77818465232849
321,66.34213972091675,67.38742768764496
322,66.77073884010315,67.51085758209229
323,66.77073097229004,67.51084089279175
324,66.05465769767761,67.68218159675598
325,66.05467343330383,67.68218159675598
326,65.62644803524017,67.75591909885406
327,67.0444757938385,67.56903231143951
328,67.0444757938385,67.56903231143951
329,66.56040859222412,67.5947505235672
330,66.45785164833069,67.92198181152344
331,66.45784378051758,67.92199850082397
332,66.45784378051758,67.92199850082397
333,66.39613652229309,67.23207116127014
334,66.36024355888367,67.62504577636719
335,66.71768617630005,67.65927970409393
336,66.94402742385864,67.40142166614532
337,66.87608885765076,66.66954159736633
338,65.65009474754333,68.2310551404953
339,66.43405151367188,67.99435496330261
340,66.43405938148499,67.99435496330261
341,66.18836331367493,67.9689872264862
342,66.1883475780487,67.9689872264862
343,66.1289849281311,67.2983568906784
344,66.12892985343933,67.2983568906784
345,66.63894510269165,67.46079385280609
346,66.30627036094666,67.58816659450531
347,66.30627036094666,67.58817493915558
348,66.15317845344543,68.195840716362
349,66.76101422309875,67.65622138977051
350,66.76099848747253,67.65620470046997
351,66.52584528923035,67.26300895214081
352,66.52582955360413,67.26300895214081
353,66.61726140975952,66.99867963790894
354,65.80621182918549,68.11087131500244
355,66.31176209449768,67.37268269062042
356,66.57486176490784,67.68347084522247
357,65.78754544258118,67.10140228271484
358,65.78754544258118,67.10140228271484
359,66.57395696640015,67.80351281166077
360,66.57397270202637,67.80351281166077
361,66.57397270202637,67.80352115631104
362,66.33952760696411,67.50800371170044
363,65.55986666679382,67.64026641845703
364,66.22224998474121,67.05029964447021
365,65.97527933120728,67.5285941362381
366,65.97528719902039,67.52861082553864
367,65.15724313259125,67.18615889549255
368,66.2825174331665,66.76460385322571
369,66.2825174331665,66.76460385322571
370,66.2825174331665,66.76460385322571
371,66.18269062042236,66.97763860225677
372,66.07619976997375,67.69725620746613
373,66.21468114852905,66.76293909549713
374,66.21468114852905,66.76293909549713
375,66.21468114852905,66.76293909549713
376,66.21468114852905,66.76293909549713
377,66.85349249839783,67.18511998653412
378,66.85349249839783,67.18511164188385
379,65.79145181179047,67.06420183181763
380,66.76812672615051,66.81958675384521
381,66.7681188583374,66.81959509849548
382,66.7681188583374,66.81959509849548
383,66.7681188583374,66.81959509849548
384,65.95790719985962,68.08854103088379
385,65.95790719985962,68.08853268623352
386,66.49841809272766,66.80486261844635
387,66.49841809272766,66.80486261844635
388,66.21940183639526,67.61176943778992
389,66.21939396858215,67.61176109313965
390,66.21939396858215,67.61176109313965
391,66.9223279953003,66.89454674720764
392,66.9223279953003,66.89454674720764
393,65.40928065776825,67.74714052677155
394,65.40928065776825,67.74714052677155
395,65.60345435142517,67.7138078212738
396,66.00966954231262,67.44380831718445
397,65.80273425579071,67.831329703331
398,65.80273425579071,67.83133804798126
399,66.54036927223206,67.87949502468109
400,66.54039287567139,67.8795075416565
401,65.88908350467682,67.86926448345184
402,65.88911497592926,67.86926448345184
403,65.85349345207214,68.33017706871033
404,65.85348558425903,68.33019375801086
405,66.43870139122009,67.98909783363342
406,66.4387092590332,67.98910617828369
407,65.78607022762299,67.35747456550598
408,65.78606235980988,67.35746622085571
409,65.78606235980988,67.35746622085571
410,66.05424857139587,67.41317093372345
411,66.23985815048218,67.98360288143158
412,66.21749782562256,67.24147140979767
413,66.21706509590149,67.63486325740814
414,66.21706509590149,67.63486325740814
415,65.6350554227829,67.39074885845184
416,65.6350554227829,67.39074051380157
417,65.6350554227829,67.3907321691513
418,66.6633038520813,67.70023941993713
419,66.17552304267883,67.47394502162933
420,65.76188063621521,67.82764554023743
421,65.84912288188934,67.76072561740875
422,65.84912288188934,67.76072561740875
423,67.38240623474121,67.40386247634888
424,67.38240623474121,67.40386247634888
425,67.38241410255432,67.40386247634888
426,66.67967677116394,67.71498024463654
427,67.13608074188232,67.03711092472076
428,66.28123497962952,67.35832989215851
429,66.28123497962952,67.35833823680878
430,66.28123497962952,67.35833823680878
431,65.52002799510956,67.50409007072449
432,65.62347400188446,67.13514804840088
433,65.62346613407135,67.13513135910034
434,65.85594820976257,67.42126524448395
435,66.58571147918701,67.18276262283325
436,65.91483879089355,67.40390837192535
437,65.75732517242432,67.18293786048889
438,65.7573173046112,67.18292951583862
439,66.12885117530823,67.59635269641876
440,67.02082514762878,67.65728116035461
441,67.020840883255,67.65728116035461
442,65.7225022315979,67.54483699798584
443,66.29196667671204,67.15428233146667
444,66.29195880889893,67.15426564216614
445,66.48131346702576,67.102090716362
446,66.29158902168274,67.8435879945755
447,66.64289474487305,67.1932977437973
448,66.64288687705994,67.19328939914703
449,66.64288687705994,67.19328939914703
450,66.8346176147461,67.82185435295105
451,66.94941687583923,68.32698106765747
452,66.94940900802612,68.32698941230774
453,65.15156650543213,67.91172623634338
454,65.15156650543213,67.91172623634338
455,66.11942553520203,67.8273993730545
456,66.53760766983032,67.79663264751434
457,66.53763127326965,67.79663681983948
458,66.53763914108276,67.79663681983948
459,66.52638030052185,67.88539052009583
460,66.52638030052185,67.88540720939636
461,65.76824176311493,67.55946934223175
462,65.76824176311493,67.55946934223175
463,65.98513770103455,66.96114540100098
464,66.70498752593994,67.52596139907837
465,66.16197466850281,67.5215470790863
466,66.16195893287659,67.5215595960617
467,65.7700867652893,67.56498098373413
468,65.7700788974762,67.56498098373413
469,66.54342985153198,67.77061402797699
470,65.3026442527771,67.56489753723145
471,65.3026442527771,67.56488919258118
472,65.7453385591507,67.96876609325409
473,65.7453385591507,67.96875774860382
474,67.01945614814758,67.29401350021362
475,67.01945614814758,67.29401350021362
476,65.76013791561127,67.98274338245392
477,65.72241175174713,67.93325960636139
478,65.99039340019226,66.6140204668045
479,65.99039340019226,66.6140204668045
480,65.51596820354462,67.96340882778168
481,65.51596820354462,67.96340882778168
482,65.72264778614044,68.0937272310257
483,65.72264778614044,68.09375643730164
484,66.03168368339539,67.42075204849243
485,66.03168368339539,67.4207478761673
486,66.17918157577515,67.01647877693176
487,66.17918157577515,67.01647877693176
488,65.7024747133255,67.29266166687012
489,66.23422479629517,68.22097897529602
490,66.23422479629517,68.22097897529602
491,66.34668731689453,67.81002998352051
492,66.41481471061707,67.74116575717926
493,66.41481471061707,67.74116575717926
494,65.50770699977875,67.98226773738861
495,65.5076755285263,67.98226356506348
496,65.81315517425537,67.64596581459045
497,65.88540530204773,67.7665251493454
498,65.88540530204773,67.7665251493454
499,66.51586103439331,67.44049966335297
500,65.995436668396,67.246453166008
501,65.99542880058289,67.246453166008
502,66.3557116985321,67.68307447433472
503,66.35571956634521,67.68307447433472
504,66.12734842300415,67.66166627407074
505,65.51472508907318,66.8843537569046
506,65.51472508907318,66.8843537569046
507,65.51470935344696,66.8843287229538
508,66.62738728523254,66.78845286369324
509,66.78125810623169,67.65521168708801
510,66.5920922756195,67.95520186424255
511,66.5920844078064,67.95520186424255
512,65.90219914913177,67.535240650177
513,65.99120378494263,67.82597243785858
514,66.05657744407654,67.24046170711517
515,65.85592460632324,67.25537776947021
516,65.85592460632324,67.25537776947021
517,65.85592460632324,67.25537776947021
518,65.6850357055664,67.33704268932343
519,66.52633309364319,67.75051176548004
520,65.4672703742981,67.84313321113586
521,65.46726250648499,67.84313321113586
522,65.46726250648499,67.84314155578613
523,65.79242742061615,67.11312234401703
524,65.8335131406784,67.54904270172119
525,65.83351707458496,67.54905104637146
526,66.26429557800293,67.07464516162872
527,66.26429557800293,67.07462430000305
528,66.03394961357117,67.22396850585938
529,66.3668761253357,67.31827557086945
530,66.3668761253357,67.31827557086945
531,66.08047199249268,67.78768718242645
532,66.08046412467957,67.78769552707672
533,65.67378079891205,67.07076907157898
534,65.67377293109894,67.07080245018005
535,66.26644349098206,67.98361122608185
536,65.83661699295044,67.19987332820892
537,66.38731670379639,67.23188757896423
538,66.3873245716095,67.23188757896423
539,66.25906348228455,67.1138858795166
540,65.82414257526398,68.22929441928864
541,66.76058149337769,67.64784336090088
542,66.76057362556458,67.64782667160034
543,66.61460995674133,67.96775221824646
544,66.88900780677795,67.51706600189209
545,66.88899993896484,67.51704514026642
546,66.88899993896484,67.51703679561615
547,65.43984317779541,66.9382643699646
548,65.43984317779541,66.9382643699646
549,66.41115617752075,67.6118403673172
550,66.41115617752075,67.6118403673172
551,66.09974026679993,67.57078468799591
552,66.0997166633606,67.57078468799591
553,66.09968519210815,67.57078468799591
554,66.38643550872803,68.17648947238922
555,66.38642764091492,68.17646861076355
556,65.70824575424194,67.6791524887085
557,66.07005500793457,67.21063792705536
558,66.21095180511475,68.18601071834564
559,65.70082247257233,67.75418758392334
560,65.99590873718262,67.09893643856049
561,66.01962232589722,66.9042056798935
562,66.01457118988037,67.87515997886658
563,66.01457118988037,67.87513077259064
564,66.08505892753601,68.05567145347595
565,65.91716766357422,67.82217979431152
566,66.45916557312012,67.72911190986633
567,65.7188948392868,67.48416721820831
568,66.14011788368225,67.37197756767273
569,66.2702751159668,67.51763343811035
570,65.96792685985565,67.3176121711731
571,66.1011643409729,68.07733833789825
572,66.24292659759521,67.51121640205383
573,66.20560956001282,67.09334552288055
574,66.8701171875,67.13057100772858
575,66.55615210533142,67.99407958984375
576,66.49797749519348,67.16636538505554
577,67.03541994094849,67.89592564105988
578,67.03541207313538,67.89595067501068
579,67.03541207313538,67.89595067501068
580,66.69604969024658,67.56993770599365
581,66.69603395462036,67.56991684436798
582,66.69603395462036,67.56990849971771
583,65.87179398536682,66.97522699832916
584,66.07512974739075,67.60668754577637
585,66.07510614395142,67.60668337345123
586,66.79923605918884,67.57938385009766
587,66.79923605918884,67.57938385009766
588,65.94383955001831,67.96626269817352
589,65.94383955001831,67.96626269817352
590,65.72027564048767,67.83595263957977
591,66.14711236953735,67.76935398578644
592,65.15714085102081,68.09692323207855
593,66.40308380126953,67.70755767822266
594,66.37057399749756,68.05659353733063
595,66.76060509681702,67.69928812980652
596,65.91446113586426,67.7570790052414
597,65.82743918895721,68.06789219379425
598,66.02246260643005,68.02307724952698
599,66.21129012107849,67.51568496227264
600,66.02331233024597,67.9409784078598
601,65.54859209060669,67.92583286762238
602,66.5134928226471,67.76184797286987
603,66.45948815345764,67.40558564662933
604,65.50523257255554,68.18868935108185
605,66.325758934021,67.70442008972168
606,66.49017262458801,67.2262716293335
607,66.2505898475647,68.15127611160278
608,66.3563175201416,67.56725907325745
609,66.43763136863708,66.87333047389984
610,66.3393702507019,67.51636505126953
611,66.3548698425293,68.07009935379028
612,65.77191209793091,67.14106023311615
613,66.4746572971344,67.70300149917603
614,65.9951022863388,67.83934891223907
615,65.65299797058105,67.1628189086914
616,66.31980299949646,67.0222157239914
617,66.50830006599426,67.08646535873413
618,66.75955080986023,67.94321477413177
619,66.56853604316711,67.46867537498474
620,66.33332777023315,67.22890436649323
621,66.68235969543457,67.71425426006317
622,66.68235969543457,67.71425426006317
623,66.20333576202393,67.8187084197998
624,66.46544408798218,67.59666562080383
625,66.68394899368286,67.16664910316467
626,66.16187238693237,67.32566893100739
627,66.44502711296082,67.16848909854889
628,67.18697762489319,67.44322836399078
629,66.55787515640259,67.3795336484909
630,66.80692291259766,67.47479200363159
631,66.15944123268127,67.56422579288483
632,66.15943336486816,67.56422996520996
633,66.00506687164307,67.80110120773315
634,66.95896053314209,67.78154134750366
635,66.38569593429565,66.8844747543335
636,65.83391439914703,68.04984271526337
637,66.0188512802124,68.09324741363525
638,66.42694687843323,67.70722389221191
639,65.87771451473236,67.37305402755737
640,66.65117955207825,67.63944447040558
641,65.88066101074219,67.26010918617249
642,66.06573557853699,67.4362188577652
643,65.79168784618378,67.71664500236511
644,66.4952552318573,66.9260185956955
645,66.08924460411072,67.4167549610138
646,66.63962173461914,67.67885625362396
647,66.8099913597107,68.17295968532562
648,66.40590834617615,67.64030396938324
649,66.6357114315033,67.73065984249115
650,65.69062185287476,67.47302293777466
651,66.24014139175415,67.44833946228027
652,65.78553915023804,67.56158471107483
653,66.62174606323242,67.18518674373627
654,66.12333583831787,67.74824619293213
655,66.10985827445984,67.02857851982117
656,65.41673147678375,67.15119898319244
657,66.77193474769592,67.36367881298065
658,65.95985448360443,66.91754043102264
659,65.96908736228943,66.87816619873047
660,67.078449010849,67.71904826164246
661,66.56854391098022,67.21104264259338
662,66.54484605789185,67.53382205963135
663,66.72279238700867,67.8300404548645
664,66.36904764175415,67.17730522155762
665,66.28475189208984,67.13150143623352
666,66.68655323982239,67.00286865234375
667,66.35743474960327,68.04187774658203
668,66.5902669429779,68.03468883037567
669,65.84865474700928,67.81333863735199
670,65.86981916427612,67.33876168727875
671,66.30534195899963,67.82086133956909
672,66.11946487426758,67.438605427742
673,65.7722464799881,67.64799356460571
674,66.76784348487854,67.79285252094269
675,66.56318593025208,67.18831598758698
676,65.93253350257874,67.39583492279053
677,66.0228796005249,67.96967148780823
678,66.53678941726685,66.82940006256104
679,66.53678941726685,66.82940006256104
680,66.9366238117218,67.82248020172119
681,66.8293068408966,67.52412974834442
682,66.16236805915833,68.3870542049408
683,65.47978806495667,67.51686990261078
684,66.01252555847168,67.40942418575287
685,66.31461024284363,67.91278183460236
686,66.84331154823303,67.56609916687012
687,66.2651059627533,67.52295732498169
688,66.12287950515747,67.55984485149384
689,66.67095136642456,67.16377854347229
690,66.19494080543518,67.48639523983002
691,65.90705752372742,67.2846508026123
692,66.38457083702087,67.08492159843445
693,66.69634866714478,68.13481211662292
694,66.566246509552,67.62877583503723
695,66.55139994621277,67.98172116279602
696,66.21125078201294,67.80789375305176
697,66.04298186302185,67.3613965511322
698,66.14711236953735,67.81789481639862
699,66.14711236953735,67.81790316104889
700,66.01206922531128,67.3282641172409
701,66.41478323936462,67.54562556743622
702,66.41479110717773,67.54562973976135
703,66.37715148925781,67.31497943401337
704,66.26597929000854,67.61389315128326
705,66.59669494628906,67.15785801410675
706,65.93225812911987,67.25950419902802
707,66.26896905899048,67.79943227767944
708,66.86390948295593,67.57965087890625
709,65.99613296985626,68.01604270935059
710,66.12271428108215,66.89175546169281
711,66.68628573417664,67.47041523456573
712,65.801971077919,68.02234709262848
713,66.37402009963989,66.98747277259827
714,66.8118953704834,67.09479331970215
715,66.2288589477539,67.12762534618378
716,66.58004665374756,67.73445248603821
717,66.27100682258606,67.18458592891693
718,66.27099895477295,67.18457758426666
719,65.62409949302673,66.95909678936005
720,66.27146315574646,67.06965506076813
721,66.54555416107178,67.90221333503723
722,66.26086521148682,68.50002408027649
723,66.21440577507019,67.63389527797699
724,66.76532578468323,68.40524137020111
725,66.50341415405273,68.51934611797333
726,66.14165210723877,67.7670967578888
727,65.64667618274689,68.3284455537796
728,66.06036972999573,67.6361232995987
729,66.50813484191895,67.80806064605713
730,66.63590812683105,67.68896579742432
731,66.37656140327454,66.73410832881927
732,66.74125814437866,67.66772449016571
733,66.34652996063232,67.29882836341858
734,66.07821393013,67.26689755916595
735,66.50926780700684,67.58391499519348
736,66.25525546073914,67.66435325145721
737,66.40793037414551,67.85587131977081
738,65.93417394161224,67.15277194976807
739,65.85510241985321,67.03366875648499
740,66.00951218605042,66.95407748222351
741,66.00951218605042,66.95407748222351
742,65.83937859535217,67.41838216781616
743,66.61125040054321,67.09110081195831
744,66.55770206451416,67.40556478500366
745,66.97595500946045,67.33256578445435
746,66.40036940574646,66.84857189655304
747,65.89849734306335,67.05519795417786
748,66.87189531326294,67.11182475090027
749,66.42108535766602,67.7351826429367
750,66.44959831237793,68.12808215618134
751,65.7793196439743,66.96430802345276
752,65.09063029289246,67.52330780029297
753,66.2922420501709,67.91274428367615
754,66.66055798530579,67.9966413974762
755,66.35645914077759,68.16381812095642
756,66.35645914077759,68.16381812095642
757,65.97963809967041,67.50018894672394
758,65.9796302318573,67.50017642974854
759,66.3353340625763,67.92060911655426
760,66.40616011619568,67.45675086975098
761,65.74198293685913,67.69813656806946
762,65.81413078308105,67.86382377147675
763,65.8606413602829,67.90523409843445
764,66.2315890789032,67.62430727481842
765,66.10774970054626,67.54205405712128
766,65.95763969421387,67.87192642688751
767,65.85215592384338,67.63335287570953
768,66.2070415019989,67.59684920310974
769,66.5442008972168,67.26471543312073
770,66.93021941184998,66.99284255504608
771,66.87522339820862,67.35144138336182
772,66.62929916381836,68.0865466594696
773,66.51985788345337,67.92940437793732
774,65.97878837585449,67.72840678691864
775,65.97877657413483,67.72840678691864
776,66.72150206565857,67.70104885101318
777,65.75355648994446,67.42829144001007
778,65.75354075431824,67.4282830953598
779,66.42574310302734,67.21161007881165
780,65.61306881904602,67.79895663261414
781,65.53973293304443,67.38066017627716
782,65.77428424358368,68.02463352680206
783,65.77427637577057,68.02463352680206
784,66.21052694320679,68.33239674568176
785,66.15036964416504,67.89562940597534
786,66.15038537979126,67.89562106132507
787,65.8302401304245,67.6324850320816
788,65.83023226261139,67.63247668743134
789,66.58686804771423,67.18201577663422
790,67.03768587112427,67.66437411308289
791,67.03768587112427,67.66437411308289
792,66.33592414855957,67.34513700008392
793,66.33592414855957,67.34513700008392
794,66.05509042739868,67.62136995792389
795,66.05509042739868,67.62136995792389
796,66.05509042739868,67.62136995792389
797,66.16045618057251,66.55581653118134
798,66.16045618057251,66.55581653118134
799,65.99011409282684,66.9317638874054
800,66.19742703437805,67.81777799129486
801,66.18146324157715,67.49453544616699
802,66.0801887512207,67.12530553340912
803,66.18638062477112,67.46955990791321
804,66.18637275695801,67.46957242488861
805,66.18637275695801,67.46958076953888
806,65.90317475795746,67.73160696029663
807,65.90316689014435,67.73160696029663
808,65.90315902233124,67.73160696029663
809,66.19177007675171,67.85747349262238
810,66.87150979042053,67.23859250545502
811,66.87150192260742,67.23859250545502
812,66.87432646751404,67.54262566566467
813,66.67678141593933,67.17773497104645
814,66.42275333404541,67.21226513385773
815,65.60714042186737,67.41814434528351
816,65.96524786949158,67.47117459774017
817,66.97102189064026,67.48536050319672
818,66.2404797077179,67.42425680160522
819,66.65490889549255,67.58325159549713
820,65.9893194437027,67.08305239677429
821,65.98930370807648,67.08303987979889
822,66.18763160705566,67.35608518123627
823,66.18763160705566,67.35609352588654
824,66.18763160705566,67.35609352588654
825,66.19125080108643,67.52991676330566
826,66.19125080108643,67.5299209356308
827,67.09781956672668,67.56115913391113
828,66.35322546958923,67.63627767562866
829,66.35322546958923,67.63627767562866
830,67.2233190536499,67.76569485664368
831,67.2233190536499,67.76569485664368
832,65.77567291259766,67.82154142856598
833,65.77567291259766,67.82154142856598
834,65.96569633483887,67.69422709941864
835,65.69729769229889,68.62461805343628
836,65.69728982448578,68.62461805343628
837,66.50719857215881,67.56405055522919
838,66.50719857215881,67.56405055522919
839,66.03300547599792,68.20625901222229
840,65.97067272663116,68.29084038734436
841,65.97066485881805,68.29084873199463
842,66.88265061378479,67.11971461772919
843,66.4884181022644,67.03996479511261
844,66.48840236663818,67.03996479511261
845,66.3057746887207,67.79986619949341
846,66.3057746887207,67.79987454414368
847,66.38304448127747,67.38756537437439
848,66.43504285812378,67.67145454883575
849,66.44132924079895,67.1981292963028
850,66.44132137298584,67.19812095165253
851,66.09277725219727,67.75629460811615
852,66.09274578094482,67.75629460811615
853,65.58483910560608,68.01181197166443
854,65.58482336997986,68.01180362701416
855,66.31980299949646,67.63651132583618
856,66.14610528945923,67.57401406764984
857,65.67202627658844,67.51157522201538
858,65.67201840877533,67.51155853271484
859,66.17173862457275,67.37402200698853
860,65.67247080802917,67.85517036914825
861,65.71361553668976,67.7544629573822
862,66.41896891593933,67.31173753738403
863,66.19437432289124,67.6290512084961
864,65.84804499149323,67.18795716762543
865,66.31851267814636,67.4611109495163
866,66.32303667068481,67.90657758712769
867,66.5419192314148,67.89408147335052
868,66.40213179588318,67.76186466217041
869,66.40213179588318,67.76186466217041
870,66.27036166191101,67.75435447692871
871,66.27036166191101,67.75435447692871
872,65.96866643428802,67.69421458244324
873,66.65095925331116,67.98213005065918
874,66.65095925331116,67.98212587833405
875,66.76253271102905,66.89089179039001
876,66.76253271102905,66.89089179039001
877,66.76253271102905,66.89087092876434
878,65.906707406044,67.59950280189514
879,65.906707406044,67.59950280189514
880,65.9066995382309,67.59951114654541
881,66.3590476512909,67.34717726707458
882,66.359055519104,67.34716892242432
883,65.69293892383575,67.52867758274078
884,65.69294679164886,67.52868592739105
885,66.03059005737305,67.5567239522934
886,66.03059005737305,67.5567239522934
887,66.07762384414673,67.66019344329834
888,67.23826789855957,66.82497322559357
889,67.1158447265625,66.74563646316528
890,66.43966126441956,66.86390101909637
891,65.69287204742432,68.42639088630676
892,65.73807656764984,68.13240051269531
893,66.76595520973206,67.88250744342804
894,66.05782842636108,67.32965767383575
895,66.2832727432251,67.96608746051788
896,65.85250210762024,66.74160599708557
897,66.39282417297363,67.24815547466278
898,66.39283204078674,67.24815964698792
899,66.04108572006226,67.42359340190887
900,66.04108572006226,67.42361426353455
901,66.04108572006226,67.42362260818481
902,66.28955125808716,67.68060445785522
903,66.28955125808716,67.68060445785522
904,66.28955125808716,67.68060445785522
905,66.3152711391449,67.5716233253479
906,66.3152711391449,67.5716108083725
907,65.70089721679688,66.89606547355652
908,65.70089721679688,66.89606547355652
909,65.70089721679688,66.89605712890625
910,66.52114033699036,67.59329855442047
911,66.52120327949524,67.59331524372101
912,65.83808827400208,67.68861949443817
913,65.83809614181519,67.68861949443817
914,66.52347707748413,68.02581012248993
915,66.52350854873657,68.02583932876587
916,66.06920528411865,67.54920959472656
917,66.06921315193176,67.54916369915009
918,66.06921315193176,67.54914700984955
919,66.70240688323975,68.42382073402405
920,65.8770968914032,67.3787784576416
921,66.06106209754944,67.77357637882233
922,66.06106209754944,67.77357637882233
923,66.36162829399109,67.60838150978088
924,66.47612857818604,67.83446311950684
925,66.13913440704346,67.45799839496613
926,66.19446873664856,67.25435554981232
927,65.97766721248627,67.78791666030884
928,65.6853779554367,67.6044636964798
929,65.68538582324982,67.60445535182953
930,66.15229725837708,68.21328938007355
931,65.70607817173004,67.32251048088074
932,66.22682118415833,67.03289687633514
933,66.22682118415833,67.03285932540894
934,65.99609363079071,68.08834075927734
935,66.0139102935791,67.55800068378448
936,66.1856803894043,67.42191195487976
937,65.8048152923584,67.55091190338135
938,65.8048152923584,67.55092024803162
939,65.8048152923584,67.55092024803162
940,65.68035042285919,67.28730022907257
941,65.63682568073273,67.36894428730011
942,66.49132919311523,67.84239053726196
943,66.491384267807,67.84239888191223
944,66.49140000343323,67.84239888191223
945,67.33183193206787,67.39177525043488
946,65.28274655342102,66.37548863887787
947,66.03638076782227,68.10844302177429
948,66.03638076782227,68.10843467712402
949,66.03638076782227,68.10843467712402
950,65.93872153759003,67.94029831886292
951,66.09955143928528,67.50499546527863
952,66.02033042907715,67.24565207958221
953,66.02033042907715,67.24566042423248
954,66.02033042907715,67.24566042423248
955,66.37811136245728,67.5212174654007
956,66.46463370323181,67.903573513031
957,66.46464157104492,67.90358603000641
958,66.44062900543213,67.37447261810303
959,66.44063687324524,67.3744809627533
960,66.44063687324524,67.3744809627533
961,66.44063687324524,67.3744809627533
962,66.92784333229065,67.5092762708664
963,66.48701763153076,67.50944316387177
964,66.48700976371765,67.50945150852203
965,65.9993509054184,68.14123332500458
966,65.9993509054184,68.14123332500458
967,65.9993509054184,68.14123332500458
968,65.9993509054184,68.14123332500458
969,66.25992107391357,67.9908961057663
970,66.25992107391357,67.9908961057663
971,66.3478832244873,67.72480189800262
972,66.19633340835571,67.26106882095337
973,65.9046106338501,67.69435226917267
974,65.90460276603699,67.69436061382294
975,66.46585321426392,67.71828472614288
976,66.2265694141388,67.53670513629913
977,65.73905217647552,67.77527034282684
978,66.56934642791748,67.85882532596588
979,67.28994369506836,67.87287771701813
980,65.78295063972473,68.51284146308899
981,65.78295063972473,68.51284146308899
982,65.78478384017944,67.46030569076538
983,65.78479170799255,67.46026813983917
984,66.17346167564392,67.34152793884277
985,66.05656957626343,67.20580220222473
986,66.40702557563782,68.02474200725555
987,66.40704131126404,68.02475035190582
988,66.65143918991089,67.13333308696747
989,66.31022000312805,68.17457020282745
990,66.39967703819275,67.5082790851593
991,66.39967703819275,67.50824570655823
992,66.27425622940063,68.69952380657196
993,66.27425622940063,68.69952380657196
994,67.17522311210632,67.20249354839325
995,66.18953561782837,67.32158839702606
996,65.7902283668518,67.96049654483795
997,66.90293383598328,67.80842781066895
998,65.98185682296753,67.89933025836945
999,65.78808438777924,67.79229760169983
1000,65.78807651996613,67.79229760169983
1001,66.06970882415771,66.9541484117508
1002,65.6105865240097,67.29721784591675
1003,66.26472043991089,68.02350699901581
1004,66.26472043991089,68.02350699901581
1005,66.2858612537384,67.71470487117767
1006,66.5893542766571,68.26436698436737
1007,66.589346408844,68.26437532901764
1008,66.6849639415741,67.3868477344513
1009,66.32341432571411,68.11817288398743
1010,66.67973971366882,67.386993765831
1011,66.149653673172,67.74677336215973
1012,65.9207593202591,67.3291027545929
1013,66.50718283653259,67.70852565765381
1014,66.50720643997192,67.70852565765381
1015,66.0083634853363,68.48895907402039
1016,66.0083556175232,68.48900496959686
1017,66.0083556175232,68.48903834819794
1018,66.42261958122253,67.71855175495148
1019,66.25688409805298,68.11574459075928
1020,66.25688409805298,68.11575293540955
1021,66.14229726791382,67.45358407497406
1022,66.5740749835968,67.52778053283691
1023,66.5740749835968,67.52776384353638
1024,65.93413460254669,67.13063776493073
1025,65.08313620090485,67.40654945373535
1026,65.08314406871796,67.40654945373535
1027,66.88575053215027,68.19014132022858
1028,66.88575053215027,68.19014132022858
1029,66.8857741355896,68.19014132022858
1030,66.7456169128418,67.81593382358551
1031,65.63206565380096,66.46015763282776
1032,66.8514153957367,67.04209268093109
1033,66.49911046028137,67.63029456138611
1034,66.49910259246826,67.63030290603638
1035,66.49910259246826,67.63030290603638
1036,65.89424872398376,67.49214053153992
1037,66.03834772109985,67.89254605770111
1038,66.0706844329834,67.62911379337311
1039,66.07070016860962,67.62911379337311
1040,66.07070016860962,67.62911379337311
1041,66.07673478126526,67.11041867733002
1042,65.86060202121735,67.77077674865723
1043,65.86060202121735,67.77077674865723
1044,66.10317850112915,67.7673888206482
1045,66.03383159637451,67.37857818603516
1046,66.32001543045044,67.16198027133942
1047,66.31999969482422,67.16197192668915
1048,66.31999969482422,67.16197192668915
1049,66.31999969482422,67.16197192668915
1050,66.1470730304718,67.93086886405945
1051,66.01213216781616,67.87683308124542
1052,66.38416957855225,68.05066883563995
1053,66.38417744636536,68.05068135261536
1054,66.5590238571167,67.86711156368256
1055,66.13144755363464,67.5760668516159
1056,66.1314160823822,67.5760418176651
1057,66.13139247894287,67.57603347301483
1058,66.30125856399536,67.28409588336945
1059,66.11299753189087,67.77373492717743
1060,66.11295819282532,67.77373492717743
1061,66.11293458938599,67.77373492717743
1062,66.08634924888611,67.47748732566833
1063,66.10243105888367,67.3853749036789
1064,66.10243105888367,67.3853749036789
1065,66.55932283401489,67.29695916175842
1066,66.78401184082031,67.01775550842285
1067,66.46092796325684,67.32430458068848
1068,65.97000789642334,67.35940635204315
1069,66.4791419506073,67.23818778991699
1070,66.22289514541626,68.26740860939026
1071,66.06790709495544,67.21163094043732
1072,66.35632538795471,67.98461258411407
1073,66.35632538795471,67.98461258411407
1074,66.35632538795471,67.98461258411407
1075,66.77986550331116,67.0450758934021
1076,66.36354804039001,68.25802505016327
1077,66.36354804039001,68.25802505016327
1078,66.52989721298218,67.58718192577362
1079,65.99938237667084,68.4851747751236
1080,65.05473339557648,67.44621992111206
1081,65.05473339557648,67.44621992111206
1082,66.40109324455261,68.1996750831604
1083,66.26216340065002,67.54579246044159
1084,66.11531853675842,67.29605793952942
1085,66.35748195648193,66.79705619812012
1086,66.85555386543274,67.20632791519165
1087,66.72443675994873,67.84591615200043
1088,66.01666402816772,67.73987650871277
1089,65.92591273784637,67.6341038942337
1090,65.56948900222778,67.55445837974548
1091,65.56947326660156,67.55445003509521
1092,66.30274558067322,67.37683832645416
1093,66.49658489227295,67.23498344421387
1094,66.49660062789917,67.23498344421387
1095,66.47618365287781,68.11332881450653
1096,66.36852049827576,67.09307849407196
1097,66.08397316932678,67.05272793769836
1098,66.08396530151367,67.05272793769836
1099,66.7567892074585,67.64216482639313
1100,66.7567970752716,67.64216482639313
1101,66.30383133888245,67.74953544139862
1102,65.92980337142944,67.21536934375763
1103,65.01262485980988,68.64903450012207
1104,66.27081799507141,67.12963223457336
1105,66.27081799507141,67.12963223457336
1106,66.27081799507141,67.12961554527283
1107,66.200275182724,67.35928535461426
1108,66.59128189086914,67.44376242160797
1109,66.59128189086914,67.44377911090851
1110,65.66593265533447,68.02538454532623
1111,65.66593265533447,68.02538454532623
1112,65.66594052314758,68.02538454532623
1113,66.02562546730042,67.37408459186554
1114,66.82870101928711,67.63429164886475
1115,66.82870101928711,67.63429164886475
1116,66.82870101928711,67.63429164886475
1117,66.0037293434143,68.00976753234863
1118,66.0037293434143,68.00976753234863
1119,66.0037293434143,68.00976753234863
1120,66.28700995445251,68.4798800945282
1121,66.79083323478699,67.9888391494751
1122,66.05821394920349,67.87233114242554
1123,65.95040917396545,67.18723118305206
1124,66.95467257499695,67.86250948905945
1125,66.28340649604797,68.06917726993561
1126,66.52324104309082,67.73551225662231
1127,66.52324891090393,67.73551225662231
1128,65.65434336662292,66.84241354465485
1129,65.41441440582275,67.56226480007172
1130,65.41442227363586,67.56226480007172
1131,66.54302072525024,67.69280433654785
1132,66.74699378013611,67.50260055065155
1133,66.74697017669678,67.50257968902588
1134,65.9405586719513,68.14180910587311
1135,66.12391805648804,67.56581127643585
1136,66.9210376739502,67.28137135505676
1137,66.92102980613708,67.28137135505676
1138,66.92102980613708,67.28137135505676
1139,66.25977945327759,67.67999112606049
1140,66.54420876502991,67.68554866313934
1141,66.02482295036316,67.44039952754974
1142,66.18114852905273,68.07914912700653
1143,66.40789890289307,67.56909906864166
1144,66.24668741226196,67.69650101661682
1145,66.24668741226196,67.69650101661682
1146,66.98262691497803,67.89901733398438
1147,66.07754516601562,67.83497631549835
1148,66.1777732372284,68.0091792345047
1149,65.8141622543335,67.64095902442932
1150,65.48189663887024,67.71755874156952
1151,65.42671179771423,68.01568806171417
1152,65.42671179771423,68.01573812961578
1153,66.4185676574707,67.26889610290527
1154,66.30644345283508,67.63324856758118
1155,65.82566893100739,68.41433703899384
1156,66.08265137672424,66.87621355056763
1157,66.08265137672424,66.87621355056763
1158,66.80906295776367,68.54866921901703
1159,65.66881620883942,67.79315292835236
1160,65.4921247959137,67.3514997959137
1161,65.80113315582275,67.53797769546509
1162,65.62625920772552,68.08371782302856
1163,65.62626707553864,68.08368861675262
1164,65.62626707553864,68.0837094783783
1165,65.96215188503265,67.44659543037415
1166,65.60784065723419,67.60964155197144
1167,66.07475996017456,67.57136464118958
1168,66.3235559463501,68.07354152202606
1169,66.21833181381226,67.8832334280014
1170,65.80532670021057,67.10333824157715
1171,66.73137617111206,68.13820004463196
1172,66.24213981628418,67.53308773040771
1173,65.76059818267822,68.81072878837585
1174,65.66673123836517,67.92235732078552
1175,65.66673910617828,67.92239487171173
1176,65.26882839202881,67.63677418231964
1177,66.18506669998169,67.7297043800354
1178,66.4182608127594,67.5884461402893
1179,66.41827654838562,67.5884336233139
1180,66.37140798568726,67.8880524635315
1181,66.14272212982178,68.13476622104645
1182,66.14270639419556,68.13475787639618
1183,66.14269065856934,68.13476622104645
1184,66.19295024871826,67.66620576381683
1185,66.19295024871826,67.6661765575409
1186,65.93283247947693,67.7503365278244
1187,66.43993663787842,68.51093471050262
1188,66.17383933067322,66.88163757324219
1189,66.17383933067322,66.88163757324219
1190,66.2556881904602,67.71016538143158
1191,66.23099899291992,67.58568406105042
1192,65.60783278942108,67.07832515239716
1193,65.60783278942108,67.07827925682068
1194,65.9497994184494,67.0206218957901
1195,65.83892226219177,68.67843687534332
1196,66.4946494102478,67.2934502363205
1197,66.4946494102478,67.2934502363205
1198,65.77492547035217,67.51893520355225
1199,65.77490186691284,67.51896023750305
1200,65.66217970848083,67.78653144836426
1201,66.69353199005127,67.41609990596771
1202,66.69350838661194,67.4160748720169
1203,65.96601891517639,67.24306523799896
1204,66.1959478855133,67.37707614898682
1205,66.01513767242432,67.49884963035583
1206,66.07226586341858,67.64906167984009
1207,66.93678116798401,67.34434425830841
1208,66.93678903579712,67.34434425830841
1209,66.93678903579712,67.34434425830841
1210,65.69735670089722,66.65286898612976
1211,66.24702572822571,68.179931640625
1212,66.24702572822571,68.179931640625
1213,66.32711219787598,67.36741721630096
1214,65.83307647705078,67.48614490032196
1215,65.53805708885193,68.2448822259903
1216,65.91315507888794,67.41189002990723
1217,66.071298122406,67.76533603668213
1218,65.93491351604462,67.7475368976593
1219,65.93491351604462,67.7475368976593
1220,66.36175417900085,67.47547209262848
1221,66.87031388282776,67.34113991260529
1222,66.87032175064087,67.34113991260529
1223,66.63693881034851,67.40399181842804
1224,65.90322196483612,67.51744151115417
1225,66.07042479515076,67.54197061061859
1226,66.07042479515076,67.54197895526886
1227,66.59675002098083,67.36407518386841
1228,65.14117312431335,67.617706656456
1229,65.14117312431335,67.617706656456
1230,65.4514993429184,66.94003343582153
1231,65.63781702518463,67.64762222766876
1232,66.06874108314514,68.37677776813507
1233,66.37811923027039,68.61750841140747
1234,66.56736373901367,67.7554851770401
1235,66.56736373901367,67.7554851770401
1236,66.51354789733887,67.56535232067108
1237,66.36197447776794,67.7678769826889
1238,66.59922051429749,67.8256219625473
1239,66.59922051429749,67.82563030719757
1240,66.2743034362793,67.35671103000641
1241,65.87531089782715,67.10614621639252
1242,65.87533450126648,67.10612535476685
1243,65.8249568939209,66.68103218078613
1244,66.23603439331055,66.72006845474243
1245,66.02271437644958,67.7552181482315
1246,66.0227222442627,67.7552181482315
1247,66.63391757011414,67.0992660522461
1248,65.98881590366364,68.36201608181
1249,66.54529452323914,67.36568570137024
1250,66.54532599449158,67.36569821834564
1251,66.54533386230469,67.36570656299591
1252,66.54533386230469,67.36570656299591
1253,66.54533386230469,67.36570656299591
1254,66.22667956352234,67.23956882953644
1255,66.22667956352234,67.2395646572113
1256,66.24631762504578,67.63647377490997
1257,66.20806431770325,67.06463575363159
1258,65.95780098438263,67.58100688457489
1259,65.66783273220062,68.08184027671814
1260,66.16693139076233,67.51329004764557
1261,66.03881978988647,67.60551512241364
1262,66.30323338508606,67.16315269470215
1263,66.30322551727295,67.16314852237701
1264,66.44976353645325,67.93250858783722
1265,66.44977140426636,67.93249607086182
1266,66.19523978233337,67.91374146938324
1267,66.03637290000916,67.90629386901855
1268,66.60335111618042,68.10137093067169
1269,65.82138884067535,68.01893413066864
1270,66.69425582885742,66.71347200870514
1271,66.6370804309845,67.77516186237335
1272,66.46122694015503,67.8641825914383
1273,66.75653743743896,67.8579032421112
1274,65.78681766986847,67.81301736831665
1275,65.78681766986847,67.81301736831665
1276,66.36594772338867,68.44352662563324
1277,66.36594772338867,68.44352662563324
1278,66.01081037521362,67.12611496448517
1279,66.01081037521362,67.12611496448517
1280,66.01081037521362,67.1260815858841
1281,66.48832368850708,68.12494456768036
1282,66.48832368850708,68.12494456768036
1283,66.81405115127563,67.28218913078308
1284,66.81405115127563,67.28218913078308
1285,65.8666445016861,67.42610096931458
1286,66.23661661148071,67.90564715862274
1287,66.31697845458984,67.91317820549011
1288,66.33948040008545,67.96039640903473
1289,66.33948040008545,67.96039640903473
1290,65.9505980014801,68.19655418395996
1291,65.9505980014801,68.19655418395996
1292,65.64022850990295,67.27339804172516
1293,66.26539707183838,67.53427267074585
1294,66.69622278213501,67.85275459289551
1295,66.45940947532654,68.25045645236969
1296,65.81616854667664,66.65618181228638
1297,66.42613649368286,67.41397202014923
1298,66.28619170188904,67.61320471763611
1299,66.28619170188904,67.61320471763611
1300,66.075932264328,67.72355020046234
1301,67.08025074005127,67.6165384054184
1302,67.08025074005127,67.6165384054184
1303,66.39106965065002,68.01786184310913
1304,66.40993666648865,67.78015196323395
1305,66.58700180053711,67.91393339633942
1306,66.58701753616333,67.91393339633942
1307,65.87539744377136,68.1149810552597
1308,65.40699112415314,68.10923159122467
1309,65.40700685977936,68.1092357635498
1310,65.63877296447754,67.97010123729706
1311,66.24672675132751,67.37015426158905
1312,66.24672675132751,67.37015426158905
1313,66.06191968917847,67.83782184123993
1314,66.48183274269104,66.7887032032013
1315,66.34390211105347,66.95347666740417
1316,66.14913439750671,67.07566738128662
1317,66.35690760612488,67.8989964723587
1318,66.55235981941223,67.37654209136963
1319,65.84469723701477,67.89041817188263
1320,65.84469723701477,67.89041817188263
1321,66.5828869342804,68.16749393939972
1322,65.88949656486511,67.65610456466675
1323,65.88542103767395,67.60161399841309
1324,65.88541316986084,67.60160148143768
1325,66.7294328212738,67.1830004453659
1326,65.39396595954895,67.62755751609802
1327,65.8176634311676,67.83306121826172
1328,66.33132934570312,67.60423839092255
1329,66.29352450370789,67.62036859989166
1330,66.29352450370789,67.62036859989166
1331,66.28252530097961,67.68674612045288
1332,66.28252530097961,67.68674612045288
1333,66.13915801048279,67.5891637802124
1334,66.42088866233826,68.3273857831955
1335,66.0570023059845,67.70866334438324
1336,66.38472032546997,68.11580717563629
1337,66.38472819328308,68.11580717563629
1338,66.13457107543945,67.63775050640106
1339,65.80006313323975,67.40133821964264
1340,65.80005526542664,67.4013215303421
1341,66.04918956756592,68.43623340129852
1342,66.04919743537903,68.43627095222473
1343,65.7950828075409,67.59287297725677
1344,65.7950828075409,67.5928270816803
1345,65.7950828075409,67.59280204772949
1346,65.49027979373932,67.6136302947998
1347,65.4902640581131,67.6136302947998
1348,66.2904167175293,67.34720647335052
1349,66.29040884971619,67.34718143939972
1350,65.29575204849243,68.64182889461517
1351,65.29575204849243,68.64182889461517
1352,65.29574418067932,68.64183723926544
1353,65.29574418067932,68.64184558391571
1354,66.283194065094,67.71048665046692
1355,65.74063754081726,68.11943709850311
1356,65.74063754081726,68.11944544315338
1357,65.74063754081726,68.11944544315338
1358,66.09283232688904,67.76274919509888
1359,66.0928795337677,67.76274085044861
1360,66.09291887283325,67.76274085044861
1361,66.40763926506042,67.83417522907257
1362,66.40765500068665,67.83417522907257
1363,66.89290237426758,68.11589062213898
1364,65.85820627212524,67.77799069881439
1365,65.85820627212524,67.77799069881439
1366,66.5631308555603,68.38843524456024
1367,66.5631308555603,68.38843524456024
1368,65.5627384185791,67.47692823410034
1369,65.83064138889313,67.64643728733063
1370,65.83064138889313,67.64642894268036
1371,65.84357607364655,67.1338963508606
1372,65.58721125125885,67.67144620418549
1373,66.99323272705078,67.79324471950531
1374,66.99323272705078,67.79324471950531
1375,66.10422492027283,67.34403967857361
1376,66.55836296081543,67.76125967502594
1377,65.92717552185059,67.92710959911346
1378,65.92717552185059,67.92716383934021
1379,66.35362672805786,67.56407141685486
1380,66.00047993659973,67.67936527729034
1381,66.44862270355225,67.95445919036865
1382,66.63892936706543,67.8550785779953
1383,66.63892936706543,67.8550785779953
1384,66.42195868492126,67.765953540802
1385,66.52837872505188,67.86991119384766
1386,66.52837872505188,67.86991953849792
1387,66.94721388816833,67.13461399078369
1388,66.94721388816833,67.13460564613342
1389,66.0153579711914,67.27669417858124
1390,66.13933897018433,67.29484379291534
1391,66.00419354438782,67.628333568573
1392,66.17933893203735,68.48687708377838
1393,66.17933893203735,68.48690211772919
1394,66.17933893203735,68.48693132400513
1395,66.18592429161072,67.16803848743439
1396,66.4482843875885,67.73844122886658
1397,66.44829225540161,67.73844122886658
1398,66.44829225540161,67.73844122886658
1399,66.33210825920105,67.22540378570557
1400,66.29746627807617,67.06107258796692
1401,66.29746627807617,67.06101417541504
1402,66.11444520950317,67.36881911754608
1403,66.11442947387695,67.36884415149689
1404,66.53055810928345,67.90948569774628
1405,65.99233281612396,67.5403767824173
1406,65.99233281612396,67.54034340381622
1407,66.12128233909607,67.71274387836456
1408,66.12129807472229,67.71274387836456
1409,66.29276132583618,67.77878761291504
1410,67.05545139312744,68.60107362270355
1411,67.00559306144714,68.43795657157898
1412,65.97341072559357,67.5277179479599
1413,66.23800921440125,67.54535853862762
1414,66.50288701057434,68.18918585777283
1415,66.2182924747467,67.72195637226105
1416,66.2182924747467,67.72193968296051
1417,65.33362770080566,67.4979567527771
1418,66.62498760223389,66.91448211669922
1419,66.29092025756836,67.22258746623993
1420,65.86733293533325,67.3868727684021
1421,66.35379195213318,68.41593086719513
1422,66.21405172348022,67.81247913837433
1423,66.27320194244385,66.86264097690582
1424,66.21814298629761,67.84844875335693
1425,66.53324103355408,67.97598838806152
1426,66.49409079551697,68.17248404026031
1427,66.31607365608215,67.5024962425232
1428,66.31607365608215,67.50247120857239
1429,66.31607365608215,67.50245869159698
1430,66.65143918991089,67.38057672977448
1431,66.74751305580139,67.8180992603302
1432,65.99340677261353,67.56427586078644
1433,65.96585762500763,67.57025897502899
1434,66.73586869239807,67.7722704410553
1435,66.08198261260986,67.96131014823914
1436,65.70825362205505,67.97839999198914
1437,65.70824575424194,67.97843337059021
1438,65.92136514186859,67.66374826431274
1439,65.84520864486694,67.7319324016571
1440,66.32861495018005,66.93698763847351
1441,66.53725361824036,67.41640448570251
1442,66.17698645591736,67.75372445583344
1443,66.90346097946167,67.69271671772003
1444,66.28656148910522,67.86149561405182
1445,66.19608950614929,67.42835819721222
1446,65.69748651981354,67.21812307834625
1447,66.19460248947144,68.11826467514038
1448,66.19460248947144,68.11826467514038
1449,66.92508959770203,67.68758475780487
1450,66.90840983390808,67.02146053314209
1451,66.90844130516052,67.02150642871857
1452,66.56821346282959,68.01242113113403
1453,66.02557826042175,67.80577838420868
1454,66.14390230178833,67.88371324539185
1455,66.14389443397522,67.88372159004211
1456,66.21112489700317,67.35568881034851
1457,66.21112489700317,67.35570549964905
1458,65.81349349021912,67.76914119720459
1459,66.56097507476807,67.99457609653473
1460,66.925372838974,67.83843100070953
1461,66.92541217803955,67.83843100070953
1462,65.89900875091553,67.79143393039703
1463,66.38136076927185,68.24630916118622
1464,66.38138437271118,68.24631333351135
1465,66.89849638938904,67.9156357049942
1466,66.62586879730225,67.51594364643097
1467,67.03096675872803,68.30793857574463
1468,67.03096675872803,68.30793857574463
1469,66.11058211326599,68.0532056093216
1470,66.30072355270386,68.53535532951355
1471,66.30072355270386,68.53538453578949
1472,66.30072355270386,68.53540122509003
1473,66.30072355270386,68.53540122509003
1474,66.77554607391357,67.40816414356232
1475,66.77554607391357,67.40816414356232
1476,66.77554607391357,67.40815162658691
1477,65.94100320339203,67.5873738527298
1478,65.94100320339203,67.5873738527298
1479,65.9409795999527,67.5873738527298
1480,65.94097173213959,67.5873738527298
1481,65.94097173213959,67.5873738527298
1482,66.66907095909119,68.54181826114655
1483,66.97634840011597,67.2828358411789
1484,66.7387797832489,67.81672656536102
1485,66.7387797832489,67.81673491001129
1486,66.7387797832489,67.81673491001129
1487,66.7387797832489,67.81673491001129
1488,66.73878765106201,67.81675159931183
1489,66.66981840133667,68.26940715312958
1490,66.03553104400635,67.55987405776978
1491,66.62486958503723,67.15300142765045
1492,66.62487745285034,67.15297639369965
1493,66.62488532066345,67.15296804904938
1494,66.62488532066345,67.15296804904938
1495,66.62488532066345,67.15296804904938
1496,66.12083387374878,67.15371906757355
1497,66.12078666687012,67.15371906757355
1498,66.58835506439209,67.1317058801651
1499,65.85892617702484,67.80362129211426
1500,65.85892617702484,67.80362129211426
1501,65.85892617702484,67.80362129211426
